<?xml version="1.0" encoding="UTF-8"?>
<operation id="90c2bddd-6fd1-42d8-93fc-b371c8844912">
  <descriptionCdata><![CDATA[]]></descriptionCdata>
  <annotation></annotation>
  <name>Cmd</name>
  <categories/>
  <inputs>
    <staticBinding id="a11e4514-32f2-4dbf-8ffa-48aaf71fcdb8">
      <annotation></annotation>
      <assignFromContext>false</assignFromContext>
      <assignToContext>false</assignToContext>
      <inputType>STRING</inputType>
      <isList>false</isList>
      <required>false</required>
      <isPersisted>true</isPersisted>
      <inputSymbol>command</inputSymbol>
      <listDelimiter>,</listDelimiter>
      <value>ping ${host}</value>
      <record>false</record>
    </staticBinding>
    <staticBinding id="1c212e5e-4d0a-4ecc-a96a-0266b20cc963">
      <annotation></annotation>
      <assignFromContext>true</assignFromContext>
      <assignToContext>true</assignToContext>
      <inputType>STRING</inputType>
      <isList>false</isList>
      <required>false</required>
      <isPersisted>true</isPersisted>
      <inputSymbol>arguments</inputSymbol>
      <listDelimiter>,</listDelimiter>
      <value>-n 3</value>
      <record>false</record>
    </staticBinding>
    <staticBinding id="3a9574d8-93ec-42bd-9a86-7d52aec5f08f">
      <annotation></annotation>
      <assignFromContext>false</assignFromContext>
      <assignToContext>false</assignToContext>
      <inputType>STRING</inputType>
      <isList>false</isList>
      <required>false</required>
      <isPersisted>true</isPersisted>
      <inputSymbol>environment</inputSymbol>
      <listDelimiter>,</listDelimiter>
      <value></value>
      <record>false</record>
    </staticBinding>
    <staticBinding id="0e59fee2-504f-407f-882b-b5809b959a9e">
      <annotation></annotation>
      <assignFromContext>false</assignFromContext>
      <assignToContext>false</assignToContext>
      <inputType>STRING</inputType>
      <isList>false</isList>
      <required>false</required>
      <isPersisted>true</isPersisted>
      <inputSymbol>path</inputSymbol>
      <listDelimiter>,</listDelimiter>
      <value></value>
      <record>false</record>
    </staticBinding>
    <staticBinding id="a05c3853-2967-4559-98e0-586fafce0505">
      <annotation></annotation>
      <assignFromContext>false</assignFromContext>
      <assignToContext>false</assignToContext>
      <inputType>STRING</inputType>
      <isList>false</isList>
      <required>false</required>
      <isPersisted>true</isPersisted>
      <inputSymbol>cmd_timeout</inputSymbol>
      <listDelimiter>,</listDelimiter>
      <value></value>
      <record>false</record>
    </staticBinding>
    <staticBinding id="397599df-41ec-4f9b-86f6-ebbfb8c11d1b">
      <annotation></annotation>
      <assignFromContext>false</assignFromContext>
      <assignToContext>false</assignToContext>
      <inputType>STRING</inputType>
      <isList>false</isList>
      <required>false</required>
      <isPersisted>true</isPersisted>
      <inputSymbol>returnImmediately</inputSymbol>
      <listDelimiter>,</listDelimiter>
      <value></value>
      <record>false</record>
    </staticBinding>
  </inputs>
  <possibleResponses>
    <opResponse id="525d0cf1-505f-40f7-87f4-58164dfc7fda">
      <annotation></annotation>
      <name>success</name>
      <isDefault>false</isDefault>
      <onFailure>false</onFailure>
      <type>RESOLVED</type>
      <matchRules>
        <expression id="1adb1afe-e0d8-404e-bdf0-62c09820700f">
          <annotation></annotation>
          <name>returnCode</name>
          <fieldName>returnCode</fieldName>
          <sourceType>RAWRESULT</sourceType>
          <containsEvaluator id="27cf3959-fae9-4e9d-b0ad-60137c0b6254">
            <annotation></annotation>
            <name>Config Item</name>
            <text>0</text>
            <ignoreCase>true</ignoreCase>
            <matchType>EXACT_MATCH</matchType>
          </containsEvaluator>
          <filters/>
        </expression>
      </matchRules>
    </opResponse>
    <opResponse id="9591941d-761e-402e-bc37-b0f1829c9198">
      <annotation></annotation>
      <name>failure</name>
      <isDefault>true</isDefault>
      <onFailure>false</onFailure>
      <type>ERROR</type>
      <matchRules>
        <expression id="885ed284-bff1-4f04-ab5e-9dffd65e537c">
          <annotation></annotation>
          <name>returnCode</name>
          <fieldName>returnCode</fieldName>
          <sourceType>RAWRESULT</sourceType>
          <containsEvaluator id="3a5d13f6-97c1-4695-a860-002272ec59db">
            <annotation></annotation>
            <name>Config Item</name>
            <text>-1</text>
            <ignoreCase>true</ignoreCase>
            <matchType>EXACT_MATCH</matchType>
          </containsEvaluator>
          <filters/>
        </expression>
      </matchRules>
    </opResponse>
  </possibleResponses>
  <availableResultExpressions/>
  <resultExpression id="bdd822db-4aaa-4f40-b3cd-b1e64cef13de">
    <annotation></annotation>
    <name>returnResult</name>
    <fieldName>returnResult</fieldName>
    <sourceType>RAWRESULT</sourceType>
    <filters/>
  </resultExpression>
  <iconSpec id="26dfb0fa-99ed-44ed-a193-8aa38a17d09f">
    <baseIcon>client_network.png</baseIcon>
    <basePath>/Networking/</basePath>
    <readOnly>false</readOnly>
    <layers/>
  </iconSpec>
  <plugin>
    <groupId>com.hp.oo</groupId>
    <artifactId>oo-base-legacy-plugin</artifactId>
    <version>1.23.10</version>
    <actionName>com.iconclude.content.actions.cmd.Cmd</actionName>
  </plugin>
  <fieldValues/>
  <groupAliasRef>
    <refId>5233030c-af46-432b-a682-b326ca6bf2ae</refId>
    <refName>RAS_Operator_Path</refName>
  </groupAliasRef>
</operation>