<?xml version="1.0" encoding="UTF-8"?>
<flow id="37363883-2a0b-4ead-a843-6fa4faf2b156">
  <descriptionCdata><![CDATA[37363883-2a0b-4ead-a843-6fa4faf2b156.222e8cb2-c0a3-40c4-b64e-c81ff62399d9.description=<pre>\nnull\n\nInputs\:\n    url - The REST API base url.\n    username - The username used for URL authentication.\n    password - The password used for URL authentication.\n    authType - The type of authentication used by this operation when trying to execute the request on the target server. The authentication is not preemptive\: a plain request not including authentication info will be made and only when the server responds with a 'WWW-Authenticate' header the client will send required headers. If the server needs no autentication but you specify one in this input the request will work nevertheless. There client cannot choose the authentication method and there is no fallback so you have to know which one you need and you can specify only one.\nDefault value\: basic\nValid values\: basic, digest, ntlm, kerberos, any, ""\n    proxyHost - The proxy server used to access the web site.\n    proxyPort - The proxy server port.\n    proxyUsername - The user name used when connecting to the proxy.\n    proxyPassword - The proxy server password associated with the "proxyUsername" input value.\n\nResults\:\n    returnResult - This will contain the response entity (unless destinationFile is specified). In case of an error this output will contain the error mesage.\n    FailureMessage - The final error message returned to the user.\n\nResponses\:\n    success - The operation completed as stated in the description.\n    failure - The operation completed unsuccessfully.\n</pre>
37363883-2a0b-4ead-a843-6fa4faf2b156.943a9db8-a459-4824-a6db-3767ce6bfd91.description=<pre>\n\nDisplays a message to the user.\n\nInputs\:\n  message - The message text to display\n  title - The title on the message window. Defaults to "Status message".\n\nResponses\:\n  Always returns success.\n\nExamples\:\n  In order to display the message "Finished" to the user, go to the \n  detail screen for the input named "message" and change the Otherwise option\n  from Prompt User to Use Constant.  Then enter the text "Finished" into the\n  Constant Value field.\n\n  References to flow variables in the Contant Value field are expanded so that\n  the text may be dynamic.  Flow variable references are of the form\n  ${variable}.  For example, the text\:\n     ${count} systems were modified \n  could be used to display a message about the number of systems that were\n  repaired, whose value is in the flow variable "count".\n\n  When the message is displayed, it will properly render any embedded html\n  tags, which permits creating messages with more advanced formatting.  For \n  example to display a message in italics you could use\:\n    <i>This is important</i>\n  or to display a message in red\:\n    <i>This is <span style\="color\: red">really </span> important</i>\n\n  You can create messages that contain multiple lines by entering a multiple\n  line message in the Constant Value field, or by using HTML <BR> tags for line\n  breaks.  Note that \\n characters are displayed literally and are not used for\n  creating multiple lines.\n\n</pre>\n
]]></descriptionCdata>
  <annotation></annotation>
  <name>getProduct</name>
  <categories/>
  <inputs/>
  <possibleResponses>
    <opResponse id="cbbcc7e5-4f4d-474d-aacd-a475673d8c69">
      <annotation></annotation>
      <name>success</name>
      <isDefault>true</isDefault>
      <onFailure>false</onFailure>
      <type>RESOLVED</type>
      <matchRules/>
    </opResponse>
    <opResponse id="0438695a-2a37-4777-8e29-b15237b088db">
      <annotation></annotation>
      <name>failure</name>
      <isDefault>false</isDefault>
      <onFailure>true</onFailure>
      <type>ERROR</type>
      <matchRules/>
    </opResponse>
  </possibleResponses>
  <availableResultExpressions/>
  <resultExpression id="7be518d0-4d8a-430b-bd4b-1957855223fa">
    <annotation></annotation>
    <name>FailureMessage</name>
    <fieldName>FailureMessage</fieldName>
    <sourceType>RAWRESULT</sourceType>
    <filters/>
  </resultExpression>
  <iconSpec id="b7290328-9d08-481e-9100-8d8793cee209">
    <baseIcon>flow.png</baseIcon>
    <basePath>System</basePath>
    <readOnly>false</readOnly>
    <layers/>
  </iconSpec>
  <callouts/>
  <checkPointFlow>true</checkPointFlow>
  <compatibleRuntimeContext>false</compatibleRuntimeContext>
  <historyCheckPointFlow>true</historyCheckPointFlow>
  <steps>
    <step id="222e8cb2-c0a3-40c4-b64e-c81ff62399d9">
      <annotation>37363883-2a0b-4ead-a843-6fa4faf2b156.222e8cb2-c0a3-40c4-b64e-c81ff62399d9.description</annotation>
      <name>Get All Products Using G E T</name>
      <bounds>
        <x>178.0</x>
        <y>146.0</y>
      </bounds>
      <layer>-1</layer>
      <hideInbound>false</hideInbound>
      <addResultToRunContext>false</addResultToRunContext>
      <isCriticalStep>false</isCriticalStep>
      <isNonBlocking>false</isNonBlocking>
      <isParallelStep>false</isParallelStep>
      <isSingleResponse>false</isSingleResponse>
      <recordInHistory>false</recordInHistory>
      <recordRawOutput>true</recordRawOutput>
      <recordPrimaryOutput>true</recordPrimaryOutput>
      <checkPointStep>true</checkPointStep>
      <historyCheckPointStep>true</historyCheckPointStep>
      <scriptResultStep>false</scriptResultStep>
      <userPrompt></userPrompt>
      <bindings>
        <staticBinding id="29044c16-4c8a-46d0-af94-f1626737e150">
          <annotation></annotation>
          <assignFromContext>false</assignFromContext>
          <assignToContext>false</assignToContext>
          <inputType>STRING</inputType>
          <isList>false</isList>
          <required>true</required>
          <isPersisted>true</isPersisted>
          <inputSymbol>url</inputSymbol>
          <listDelimiter>,</listDelimiter>
          <value>${SP_Aos_Project_Catalog_Url}</value>
          <record>false</record>
        </staticBinding>
        <staticBinding id="175d1e1f-941a-4dbb-925f-0ca7f55293c8">
          <annotation></annotation>
          <assignFromContext>false</assignFromContext>
          <assignToContext>false</assignToContext>
          <inputType>STRING</inputType>
          <isList>false</isList>
          <required>false</required>
          <isPersisted>true</isPersisted>
          <inputSymbol>username</inputSymbol>
          <listDelimiter>,</listDelimiter>
          <value>00320demo</value>
          <record>false</record>
        </staticBinding>
        <staticBinding id="20b507f9-674f-4a89-acaf-e1ff406235ae">
          <annotation></annotation>
          <assignFromContext>false</assignFromContext>
          <assignToContext>false</assignToContext>
          <inputType>ENCRYPTED</inputType>
          <isList>false</isList>
          <required>false</required>
          <isPersisted>true</isPersisted>
          <inputSymbol>password</inputSymbol>
          <listDelimiter>,</listDelimiter>
          <value>{OBFUSCATED}Sv3upS2pQ3wxnXZ7zq2alg==</value>
          <record>false</record>
        </staticBinding>
        <staticBinding id="ddf99a55-b4b2-445a-89eb-e38a215385ae">
          <annotation></annotation>
          <assignFromContext>false</assignFromContext>
          <assignToContext>false</assignToContext>
          <inputType>STRING</inputType>
          <isList>false</isList>
          <required>false</required>
          <isPersisted>true</isPersisted>
          <inputSymbol>authType</inputSymbol>
          <listDelimiter>,</listDelimiter>
          <record>false</record>
        </staticBinding>
        <staticBinding id="2396820d-ab75-4619-8995-c51ef6dedaf4">
          <annotation></annotation>
          <assignFromContext>false</assignFromContext>
          <assignToContext>false</assignToContext>
          <inputType>STRING</inputType>
          <isList>false</isList>
          <required>false</required>
          <isPersisted>true</isPersisted>
          <inputSymbol>proxyHost</inputSymbol>
          <listDelimiter>,</listDelimiter>
          <value></value>
          <record>false</record>
        </staticBinding>
        <staticBinding id="6d57e3a5-547a-49ce-a34c-e059e22e4c86">
          <annotation></annotation>
          <assignFromContext>false</assignFromContext>
          <assignToContext>false</assignToContext>
          <inputType>STRING</inputType>
          <isList>false</isList>
          <required>false</required>
          <isPersisted>true</isPersisted>
          <inputSymbol>proxyPort</inputSymbol>
          <listDelimiter>,</listDelimiter>
          <value></value>
          <record>false</record>
        </staticBinding>
        <staticBinding id="09fa8507-7506-498c-822a-1fe80e33a1e9">
          <annotation></annotation>
          <assignFromContext>false</assignFromContext>
          <assignToContext>false</assignToContext>
          <inputType>STRING</inputType>
          <isList>false</isList>
          <required>false</required>
          <isPersisted>true</isPersisted>
          <inputSymbol>proxyUsername</inputSymbol>
          <listDelimiter>,</listDelimiter>
          <record>false</record>
        </staticBinding>
        <staticBinding id="58b00eb4-c0fc-4cb7-9ddd-81b85895ec68">
          <annotation></annotation>
          <assignFromContext>false</assignFromContext>
          <assignToContext>false</assignToContext>
          <inputType>ENCRYPTED</inputType>
          <isList>false</isList>
          <required>false</required>
          <isPersisted>true</isPersisted>
          <inputSymbol>proxyPassword</inputSymbol>
          <listDelimiter>,</listDelimiter>
          <record>false</record>
        </staticBinding>
      </bindings>
      <transitions>
        <transition id="362b9e76-91aa-4392-a568-074ef18ff852">
          <annotation></annotation>
          <name>success</name>
          <command>NEXT</command>
          <linkMode>false</linkMode>
          <responseSymbol>success</responseSymbol>
          <shouldHandoff>false</shouldHandoff>
          <transitionValue>0.0</transitionValue>
          <destination>
            <refId>943a9db8-a459-4824-a6db-3767ce6bfd91</refId>
          </destination>
          <source>
            <refId>222e8cb2-c0a3-40c4-b64e-c81ff62399d9</refId>
          </source>
          <positions>
            <point>
              <x>228.0</x>
              <y>180.0</y>
            </point>
            <point>
              <x>395.0</x>
              <y>180.0</y>
            </point>
          </positions>
          <labelPosition>
            <x>333.0</x>
            <y>0.0</y>
          </labelPosition>
        </transition>
        <transition id="8653363d-f587-4992-ad2e-4d179843c1fd">
          <annotation></annotation>
          <name>failure</name>
          <command>NEXT</command>
          <linkMode>false</linkMode>
          <responseSymbol>failure</responseSymbol>
          <shouldHandoff>false</shouldHandoff>
          <transitionValue>0.0</transitionValue>
          <destination>
            <refId>b490ceb6-3d08-4615-a889-b20e82c513d3</refId>
          </destination>
          <source>
            <refId>222e8cb2-c0a3-40c4-b64e-c81ff62399d9</refId>
          </source>
          <positions>
            <point>
              <x>228.0</x>
              <y>180.0</y>
            </point>
            <point>
              <x>211.0</x>
              <y>307.0</y>
            </point>
          </positions>
          <labelPosition>
            <x>333.0</x>
            <y>0.0</y>
          </labelPosition>
        </transition>
      </transitions>
      <properties/>
      <opRef>
        <refId>27214f77-738d-48a1-a8a4-d362855b0637</refId>
      </opRef>
      <assignments/>
      <throttleSize>0</throttleSize>
    </step>
    <step id="943a9db8-a459-4824-a6db-3767ce6bfd91">
      <annotation>37363883-2a0b-4ead-a843-6fa4faf2b156.943a9db8-a459-4824-a6db-3767ce6bfd91.description</annotation>
      <name>Display Message</name>
      <bounds>
        <x>345.0</x>
        <y>146.0</y>
      </bounds>
      <layer>-1</layer>
      <hideInbound>false</hideInbound>
      <addResultToRunContext>false</addResultToRunContext>
      <isCriticalStep>false</isCriticalStep>
      <isNonBlocking>false</isNonBlocking>
      <isParallelStep>false</isParallelStep>
      <isSingleResponse>false</isSingleResponse>
      <recordInHistory>false</recordInHistory>
      <recordRawOutput>true</recordRawOutput>
      <recordPrimaryOutput>true</recordPrimaryOutput>
      <checkPointStep>true</checkPointStep>
      <historyCheckPointStep>true</historyCheckPointStep>
      <scriptResultStep>false</scriptResultStep>
      <userPrompt></userPrompt>
      <bindings>
        <resultBinding id="e6b1dfeb-81d8-406b-a8d9-a22cc61b2fff">
          <annotation></annotation>
          <assignFromContext>false</assignFromContext>
          <assignToContext>false</assignToContext>
          <inputType>STRING</inputType>
          <isList>false</isList>
          <required>true</required>
          <isPersisted>true</isPersisted>
          <inputSymbol>message</inputSymbol>
          <listDelimiter>,</listDelimiter>
          <record>false</record>
        </resultBinding>
        <staticBinding id="a38dbea6-ce2c-4aeb-bfd5-fa57fe56912f">
          <annotation></annotation>
          <assignFromContext>false</assignFromContext>
          <assignToContext>false</assignToContext>
          <inputType>STRING</inputType>
          <isList>false</isList>
          <required>false</required>
          <isPersisted>true</isPersisted>
          <inputSymbol>title</inputSymbol>
          <listDelimiter>,</listDelimiter>
          <value>Status message</value>
          <record>false</record>
        </staticBinding>
      </bindings>
      <transitions>
        <transition id="cf2b0a62-cc52-4f27-be7e-3fea7319aca7">
          <annotation></annotation>
          <name>success</name>
          <command>NEXT</command>
          <linkMode>false</linkMode>
          <responseSymbol>success</responseSymbol>
          <shouldHandoff>false</shouldHandoff>
          <transitionValue>0.0</transitionValue>
          <destination>
            <refId>25e840da-02a2-4e4e-958b-3366b07203fb</refId>
          </destination>
          <source>
            <refId>943a9db8-a459-4824-a6db-3767ce6bfd91</refId>
          </source>
          <positions>
            <point>
              <x>395.0</x>
              <y>180.0</y>
            </point>
            <point>
              <x>536.0</x>
              <y>157.0</y>
            </point>
          </positions>
          <labelPosition>
            <x>333.0</x>
            <y>0.0</y>
          </labelPosition>
        </transition>
      </transitions>
      <properties/>
      <opRef>
        <refId>434e6fa2-26bc-4e84-9e1f-0aa6946cf920</refId>
      </opRef>
      <assignments/>
      <throttleSize>0</throttleSize>
    </step>
    <returnStep id="25e840da-02a2-4e4e-958b-3366b07203fb">
      <annotation></annotation>
      <name>Resolved : success</name>
      <bounds>
        <x>503.0</x>
        <y>146.0</y>
      </bounds>
      <layer>-1</layer>
      <hideInbound>false</hideInbound>
      <addResultToRunContext>false</addResultToRunContext>
      <isCriticalStep>false</isCriticalStep>
      <isNonBlocking>false</isNonBlocking>
      <isParallelStep>false</isParallelStep>
      <isSingleResponse>false</isSingleResponse>
      <recordInHistory>false</recordInHistory>
      <recordRawOutput>true</recordRawOutput>
      <recordPrimaryOutput>true</recordPrimaryOutput>
      <checkPointStep>true</checkPointStep>
      <historyCheckPointStep>true</historyCheckPointStep>
      <scriptResultStep>false</scriptResultStep>
      <userPrompt></userPrompt>
      <bindings/>
      <transitions>
        <transition id="5ad429dd-e934-4ba8-b1fd-5cc43af87651">
          <annotation></annotation>
          <name>return</name>
          <command>NEXT</command>
          <linkMode>false</linkMode>
          <responseSymbol>success</responseSymbol>
          <shouldHandoff>false</shouldHandoff>
          <transitionValue>0.0</transitionValue>
          <destination>
            <refId>25e840da-02a2-4e4e-958b-3366b07203fb</refId>
          </destination>
          <source>
            <refId>25e840da-02a2-4e4e-958b-3366b07203fb</refId>
          </source>
          <positions/>
        </transition>
      </transitions>
      <properties/>
      <returnStepType>RESOLVED</returnStepType>
      <assignments/>
    </returnStep>
    <returnStep id="b490ceb6-3d08-4615-a889-b20e82c513d3">
      <annotation></annotation>
      <name>Error : failure</name>
      <bounds>
        <x>179.0</x>
        <y>315.0</y>
      </bounds>
      <layer>-1</layer>
      <hideInbound>false</hideInbound>
      <addResultToRunContext>false</addResultToRunContext>
      <isCriticalStep>false</isCriticalStep>
      <isNonBlocking>false</isNonBlocking>
      <isParallelStep>false</isParallelStep>
      <isSingleResponse>false</isSingleResponse>
      <recordInHistory>false</recordInHistory>
      <recordRawOutput>true</recordRawOutput>
      <recordPrimaryOutput>true</recordPrimaryOutput>
      <checkPointStep>true</checkPointStep>
      <historyCheckPointStep>true</historyCheckPointStep>
      <scriptResultStep>false</scriptResultStep>
      <userPrompt></userPrompt>
      <bindings/>
      <transitions>
        <transition id="96e425e7-9152-4018-951c-c23dfae7f347">
          <annotation></annotation>
          <name>return</name>
          <command>NEXT</command>
          <linkMode>false</linkMode>
          <responseSymbol>failure</responseSymbol>
          <shouldHandoff>false</shouldHandoff>
          <transitionValue>0.0</transitionValue>
          <destination>
            <refId>b490ceb6-3d08-4615-a889-b20e82c513d3</refId>
          </destination>
          <source>
            <refId>b490ceb6-3d08-4615-a889-b20e82c513d3</refId>
          </source>
          <positions/>
        </transition>
      </transitions>
      <properties/>
      <returnStepType>ERROR</returnStepType>
      <assignments/>
    </returnStep>
  </steps>
  <startSteps>222e8cb2-c0a3-40c4-b64e-c81ff62399d9</startSteps>
</flow>