<?xml version="1.0" encoding="UTF-8"?>
<flow id="b066d542-5165-4e2e-a615-90378ea12b65">
  <descriptionCdata><![CDATA[b066d542-5165-4e2e-a615-90378ea12b65.12e15c35-ea04-4e8a-9ad9-dfa5417f1062.description=<pre> This operation detects the operating system that is running on the specified host.\n\nInputs\:\n    host - The host to connect to.\n    port - The port number.\nDefault value\: 22\n    username - The username to use when connecting.\n    password - The password to use when connecting.\n\nResults\:\n    returnResult - This is the primary output. It contains the name and the version of the operating system.\n    osName - The completely returned string of the OS name.\n    version - The operating systems version. For Unix systems, this result contains the kernel release version.\n    hostName - The host name that the remote computer reports for itself.\n    osArchitecture - The operating system architecture. This property is not available for Microsoft Windows Server 2003; in such cases, this result will be empty "".\nExamples\: 64-bit for Windows, x86_64 for Linux, i86pc for Solaris\n    fqdn - The fully qualified domain name (FQDN) of the target machine.\n    enterprise - Indicates whether the operating system is an enterprise edition\nValid values\: true, false\n    server - Indicates whether the operating system is a server edition\nValid values\: true, false\n    professional - Indicates whether the operating system is a professional edition.\nValid values\: true, false\n    standard - Indicates whether the operating system is a standard edition.\n\nResponses\:\n    windows - Remote host is running a version of Windows.\n    linux - Remote host is running Linux.\n    solaris - Remote host is running Solaris.\n    other unix - Remote host appears to be unix based, but is an unknown variant.\n    failure - System could not determine remote hosts operating system.\n\nNotes\:\n1. The enterprise, server, professional and standard results give more details about what version of Windows is detected and are always set to 'false' if a Unix system is being run.\n2. The operation returns the output of a "uname -a" for Unix based hosts, and the results of "osName" and "version WMI queries" for a Windows host.\n</pre>
b066d542-5165-4e2e-a615-90378ea12b65.a02d6c1f-136e-4245-9754-7ce1dfaafb1d.prompt=Host\:
]]></descriptionCdata>
  <annotation></annotation>
  <name>Get-OS Sub</name>
  <categories/>
  <inputs>
    <userInputBinding id="fca0eb22-4b76-4ca3-b6d1-dc4726e144c5">
      <annotation></annotation>
      <assignFromContext>true</assignFromContext>
      <assignToContext>true</assignToContext>
      <inputType>STRING</inputType>
      <isList>false</isList>
      <required>true</required>
      <isPersisted>true</isPersisted>
      <inputSymbol>host</inputSymbol>
      <listDelimiter>,</listDelimiter>
      <record>false</record>
      <prompt></prompt>
      <isMultiSelect>false</isMultiSelect>
      <sourceDelimiter>|</sourceDelimiter>
    </userInputBinding>
    <userInputBinding id="6fbe883d-6da5-4f3c-9346-cba7ba880129">
      <annotation></annotation>
      <assignFromContext>true</assignFromContext>
      <assignToContext>true</assignToContext>
      <inputType>STRING</inputType>
      <isList>false</isList>
      <required>true</required>
      <isPersisted>true</isPersisted>
      <inputSymbol>username</inputSymbol>
      <listDelimiter>,</listDelimiter>
      <record>false</record>
      <prompt></prompt>
      <isMultiSelect>false</isMultiSelect>
      <sourceDelimiter>|</sourceDelimiter>
    </userInputBinding>
    <userInputBinding id="933a3c1f-e215-4f5b-b2db-38dab0ead1af">
      <annotation></annotation>
      <assignFromContext>true</assignFromContext>
      <assignToContext>true</assignToContext>
      <inputType>STRING</inputType>
      <isList>false</isList>
      <required>true</required>
      <isPersisted>true</isPersisted>
      <inputSymbol>password</inputSymbol>
      <listDelimiter>,</listDelimiter>
      <record>false</record>
      <prompt></prompt>
      <isMultiSelect>false</isMultiSelect>
      <sourceDelimiter>|</sourceDelimiter>
    </userInputBinding>
  </inputs>
  <possibleResponses>
    <opResponse id="7584d78a-ebcb-4bd1-a78c-2b973d4ec7a8">
      <annotation></annotation>
      <name>unknown</name>
      <isDefault>false</isDefault>
      <onFailure>false</onFailure>
      <type>NO_ACTION_TAKEN</type>
      <matchRules/>
    </opResponse>
    <opResponse id="bdeffa1a-13ea-46c8-b328-49937a7de696">
      <annotation></annotation>
      <name>failure</name>
      <isDefault>false</isDefault>
      <onFailure>true</onFailure>
      <type>ERROR</type>
      <matchRules/>
    </opResponse>
  </possibleResponses>
  <availableResultExpressions/>
  <resultExpression id="727eaf81-4ecb-4fc6-a44e-e6ec1d61d26d">
    <annotation></annotation>
    <name>FailureMessage</name>
    <fieldName>FailureMessage</fieldName>
    <sourceType>RAWRESULT</sourceType>
    <filters/>
  </resultExpression>
  <iconSpec id="970693f8-e693-414b-b51e-a0899a0369ab">
    <baseIcon>flow.png</baseIcon>
    <basePath>System</basePath>
    <readOnly>false</readOnly>
    <layers/>
  </iconSpec>
  <callouts/>
  <checkPointFlow>true</checkPointFlow>
  <compatibleRuntimeContext>false</compatibleRuntimeContext>
  <historyCheckPointFlow>true</historyCheckPointFlow>
  <steps>
    <step id="12e15c35-ea04-4e8a-9ad9-dfa5417f1062">
      <annotation>b066d542-5165-4e2e-a615-90378ea12b65.12e15c35-ea04-4e8a-9ad9-dfa5417f1062.description</annotation>
      <name>Operating System Detector</name>
      <bounds>
        <x>235.0</x>
        <y>126.0</y>
      </bounds>
      <layer>-1</layer>
      <hideInbound>false</hideInbound>
      <addResultToRunContext>false</addResultToRunContext>
      <isCriticalStep>false</isCriticalStep>
      <isNonBlocking>false</isNonBlocking>
      <isParallelStep>false</isParallelStep>
      <isSingleResponse>false</isSingleResponse>
      <recordInHistory>false</recordInHistory>
      <recordRawOutput>true</recordRawOutput>
      <recordPrimaryOutput>true</recordPrimaryOutput>
      <checkPointStep>true</checkPointStep>
      <historyCheckPointStep>true</historyCheckPointStep>
      <scriptResultStep>false</scriptResultStep>
      <userPrompt></userPrompt>
      <bindings>
        <userInputBinding id="a02d6c1f-136e-4245-9754-7ce1dfaafb1d">
          <annotation></annotation>
          <toContextKey></toContextKey>
          <fromContextKey></fromContextKey>
          <assignFromContext>true</assignFromContext>
          <assignToContext>true</assignToContext>
          <inputType>STRING</inputType>
          <isList>false</isList>
          <required>true</required>
          <isPersisted>true</isPersisted>
          <inputSymbol>host</inputSymbol>
          <listDelimiter>,</listDelimiter>
          <record>false</record>
          <prompt>b066d542-5165-4e2e-a615-90378ea12b65.a02d6c1f-136e-4245-9754-7ce1dfaafb1d.prompt</prompt>
          <isMultiSelect>false</isMultiSelect>
          <sourceDelimiter>|</sourceDelimiter>
        </userInputBinding>
        <staticBinding id="eed69715-46ef-4c33-a4df-1f3e0559b51a">
          <annotation></annotation>
          <toContextKey></toContextKey>
          <fromContextKey></fromContextKey>
          <assignFromContext>true</assignFromContext>
          <assignToContext>true</assignToContext>
          <inputType>STRING</inputType>
          <isList>false</isList>
          <required>true</required>
          <isPersisted>true</isPersisted>
          <inputSymbol>username</inputSymbol>
          <listDelimiter>,</listDelimiter>
          <record>false</record>
        </staticBinding>
        <staticBinding id="d1dbecf4-67ab-47f3-8319-da2b6cb70b2b">
          <annotation></annotation>
          <toContextKey></toContextKey>
          <fromContextKey></fromContextKey>
          <assignFromContext>true</assignFromContext>
          <assignToContext>true</assignToContext>
          <inputType>ENCRYPTED</inputType>
          <isList>false</isList>
          <required>true</required>
          <isPersisted>true</isPersisted>
          <inputSymbol>password</inputSymbol>
          <listDelimiter>,</listDelimiter>
          <record>false</record>
        </staticBinding>
      </bindings>
      <transitions>
        <transition id="3d10fb87-8fbb-44fd-940c-b33d5d5a16e0">
          <annotation></annotation>
          <name>solaris</name>
          <command>NEXT</command>
          <linkMode>false</linkMode>
          <responseSymbol>solaris</responseSymbol>
          <shouldHandoff>false</shouldHandoff>
          <transitionValue>0.0</transitionValue>
          <destination>
            <refId>d3316720-5b82-443f-9e58-e967b1780349</refId>
          </destination>
          <source>
            <refId>12e15c35-ea04-4e8a-9ad9-dfa5417f1062</refId>
          </source>
          <positions>
            <point>
              <x>349.0</x>
              <y>154.0</y>
            </point>
            <point>
              <x>653.0</x>
              <y>96.0</y>
            </point>
          </positions>
          <labelPosition>
            <x>333.0</x>
            <y>0.0</y>
          </labelPosition>
        </transition>
        <transition id="a7e61ca8-f0b2-47a3-ac44-e274c722233e">
          <annotation></annotation>
          <name>other unix</name>
          <command>NEXT</command>
          <linkMode>false</linkMode>
          <responseSymbol>other unix</responseSymbol>
          <shouldHandoff>false</shouldHandoff>
          <transitionValue>0.0</transitionValue>
          <destination>
            <refId>d3316720-5b82-443f-9e58-e967b1780349</refId>
          </destination>
          <source>
            <refId>12e15c35-ea04-4e8a-9ad9-dfa5417f1062</refId>
          </source>
          <positions>
            <point>
              <x>349.0</x>
              <y>154.0</y>
            </point>
            <point>
              <x>412.6221439260328</x>
              <y>167.31250548376104</y>
            </point>
            <point>
              <x>598.7483089630223</x>
              <y>131.8015924174933</y>
            </point>
            <point>
              <x>653.0</x>
              <y>96.0</y>
            </point>
          </positions>
          <labelPosition>
            <x>333.0</x>
            <y>0.0</y>
          </labelPosition>
        </transition>
        <transition id="961feb26-cd06-4bfb-bc65-78407ff6b32e">
          <annotation></annotation>
          <name>windows</name>
          <command>NEXT</command>
          <linkMode>false</linkMode>
          <responseSymbol>windows</responseSymbol>
          <shouldHandoff>false</shouldHandoff>
          <transitionValue>0.0</transitionValue>
          <destination>
            <refId>d3316720-5b82-443f-9e58-e967b1780349</refId>
          </destination>
          <source>
            <refId>12e15c35-ea04-4e8a-9ad9-dfa5417f1062</refId>
          </source>
          <positions>
            <point>
              <x>349.0</x>
              <y>154.0</y>
            </point>
            <point>
              <x>403.2516910369777</x>
              <y>118.19840758250669</y>
            </point>
            <point>
              <x>589.3778560739672</x>
              <y>82.68749451623896</y>
            </point>
            <point>
              <x>653.0</x>
              <y>96.0</y>
            </point>
          </positions>
          <labelPosition>
            <x>333.0</x>
            <y>0.0</y>
          </labelPosition>
        </transition>
        <transition id="391f0e28-c4f2-4060-8048-089db4212483">
          <annotation></annotation>
          <name>failure</name>
          <command>NEXT</command>
          <linkMode>false</linkMode>
          <responseSymbol>failure</responseSymbol>
          <shouldHandoff>false</shouldHandoff>
          <transitionValue>0.0</transitionValue>
          <destination>
            <refId>b713f006-4967-4dd1-8552-7e3c7e7ce156</refId>
          </destination>
          <source>
            <refId>12e15c35-ea04-4e8a-9ad9-dfa5417f1062</refId>
          </source>
          <positions>
            <point>
              <x>349.0</x>
              <y>154.0</y>
            </point>
            <point>
              <x>682.0</x>
              <y>233.0</y>
            </point>
          </positions>
          <labelPosition>
            <x>333.0</x>
            <y>0.0</y>
          </labelPosition>
        </transition>
        <transition id="878b4580-f761-40ef-9715-432679921ce7">
          <annotation></annotation>
          <name>linux</name>
          <command>NEXT</command>
          <linkMode>false</linkMode>
          <responseSymbol>linux</responseSymbol>
          <shouldHandoff>false</shouldHandoff>
          <transitionValue>0.0</transitionValue>
          <destination>
            <refId>d3316720-5b82-443f-9e58-e967b1780349</refId>
          </destination>
          <source>
            <refId>12e15c35-ea04-4e8a-9ad9-dfa5417f1062</refId>
          </source>
          <positions>
            <point>
              <x>326.5</x>
              <y>157.02702702702703</y>
            </point>
            <point>
              <x>628.8555288738075</x>
              <y>156.34935388251031</y>
            </point>
            <point>
              <x>653.0</x>
              <y>112.0</y>
            </point>
          </positions>
          <labelPosition>
            <x>333.0</x>
            <y>0.0</y>
          </labelPosition>
        </transition>
      </transitions>
      <properties/>
      <opRef>
        <refId>9e0b813b-764a-4c71-b0cf-12953a23fa07</refId>
      </opRef>
      <assignments>
        <flowVariableAssignment id="d0f5d3a5-5b5c-4f6b-86df-77bf2b24a8bd">
          <annotation></annotation>
          <name>assignment</name>
          <action>OVERWRITE</action>
          <assignmentTargetType>FLOW_OUTPUT_FIELD</assignmentTargetType>
          <contextKey>server</contextKey>
          <expression id="26768feb-ad30-4890-95bd-50e462094aaa">
            <annotation></annotation>
            <name>Result Field: osName</name>
            <fieldName>osName</fieldName>
            <sourceType>RAWRESULT</sourceType>
            <filters/>
          </expression>
        </flowVariableAssignment>
      </assignments>
      <throttleSize>0</throttleSize>
    </step>
    <returnStep id="d3316720-5b82-443f-9e58-e967b1780349">
      <annotation></annotation>
      <name>No Action Taken : unknown</name>
      <bounds>
        <x>603.0</x>
        <y>62.0</y>
      </bounds>
      <layer>-1</layer>
      <hideInbound>false</hideInbound>
      <addResultToRunContext>false</addResultToRunContext>
      <isCriticalStep>false</isCriticalStep>
      <isNonBlocking>false</isNonBlocking>
      <isParallelStep>false</isParallelStep>
      <isSingleResponse>false</isSingleResponse>
      <recordInHistory>false</recordInHistory>
      <recordRawOutput>true</recordRawOutput>
      <recordPrimaryOutput>true</recordPrimaryOutput>
      <checkPointStep>true</checkPointStep>
      <historyCheckPointStep>true</historyCheckPointStep>
      <scriptResultStep>false</scriptResultStep>
      <userPrompt></userPrompt>
      <bindings/>
      <transitions>
        <transition id="4d8232b1-0041-4173-b53e-3aa5606d962f">
          <annotation></annotation>
          <name>return</name>
          <command>NEXT</command>
          <linkMode>false</linkMode>
          <responseSymbol>unknown</responseSymbol>
          <shouldHandoff>false</shouldHandoff>
          <transitionValue>0.0</transitionValue>
          <destination>
            <refId>d3316720-5b82-443f-9e58-e967b1780349</refId>
          </destination>
          <source>
            <refId>d3316720-5b82-443f-9e58-e967b1780349</refId>
          </source>
          <positions/>
        </transition>
      </transitions>
      <properties/>
      <returnStepType>NO_ACTION_TAKEN</returnStepType>
      <assignments/>
    </returnStep>
    <returnStep id="b713f006-4967-4dd1-8552-7e3c7e7ce156">
      <annotation></annotation>
      <name>Error : failure</name>
      <bounds>
        <x>489.0</x>
        <y>284.0</y>
      </bounds>
      <layer>-1</layer>
      <hideInbound>false</hideInbound>
      <addResultToRunContext>false</addResultToRunContext>
      <isCriticalStep>false</isCriticalStep>
      <isNonBlocking>false</isNonBlocking>
      <isParallelStep>false</isParallelStep>
      <isSingleResponse>false</isSingleResponse>
      <recordInHistory>false</recordInHistory>
      <recordRawOutput>true</recordRawOutput>
      <recordPrimaryOutput>true</recordPrimaryOutput>
      <checkPointStep>true</checkPointStep>
      <historyCheckPointStep>true</historyCheckPointStep>
      <scriptResultStep>false</scriptResultStep>
      <userPrompt></userPrompt>
      <bindings/>
      <transitions>
        <transition id="f2f9e9e9-6576-4b19-80d5-0f5d00720b3b">
          <annotation></annotation>
          <name>return</name>
          <command>NEXT</command>
          <linkMode>false</linkMode>
          <responseSymbol>failure</responseSymbol>
          <shouldHandoff>false</shouldHandoff>
          <transitionValue>0.0</transitionValue>
          <destination>
            <refId>b713f006-4967-4dd1-8552-7e3c7e7ce156</refId>
          </destination>
          <source>
            <refId>b713f006-4967-4dd1-8552-7e3c7e7ce156</refId>
          </source>
          <positions/>
        </transition>
      </transitions>
      <properties/>
      <returnStepType>ERROR</returnStepType>
      <assignments/>
    </returnStep>
  </steps>
  <startSteps>12e15c35-ea04-4e8a-9ad9-dfa5417f1062</startSteps>
</flow>