<?xml version="1.0" encoding="UTF-8"?>
<flow id="cf18de68-9455-4d3e-a77d-438f6032c6ae">
  <descriptionCdata><![CDATA[cf18de68-9455-4d3e-a77d-438f6032c6ae.6af00b64-d0f1-4521-982d-e28bb97f2b02.prompt=HostName\:
cf18de68-9455-4d3e-a77d-438f6032c6ae.a4fe7d01-c6c1-4a71-bc94-79e9bb3835d8.description=<pre>\nRetrieves the requested Windows Performance Counter Value.  Takes 5 samples in 1 second intervals and returns the average.\n\nInput Parameters\:\nhost - Hostname or ip address of the target machine.\nobject - Tthe counter object (ex. Processor).\ncounter - The counter's name (ex. % Processor Time).\ninstance - The instance of the counter (if applicable) (ex. _Total).\nuser - Username to use for thread impersonation on the RAS host for this operation (can be left blank).\npassword - Password of the user.\n\nResponses\:\nsuccess - Retrieved the counter successfully.\nfailure - Failed to retrieve the counter.\n\nExtra Results\:\nVALUE - The actual value captured.\n\nNotes\:\nThis operation checks the value of a performance counter that must be running on the target windows host prior to flow execution\:\nPerformance Object\: memory\nPerformance Counter\: available mbytes\nThis performance counter can be enabled using PerfMon.exe on the target host.\n</pre>
]]></descriptionCdata>
  <annotation></annotation>
  <name>Get Available Memory in megabytes</name>
  <categories/>
  <inputs>
    <userInputBinding id="f8fd6acd-a97b-4768-bf2e-e2fda6d58a7d">
      <annotation></annotation>
      <assignFromContext>false</assignFromContext>
      <assignToContext>false</assignToContext>
      <inputType>STRING</inputType>
      <isList>false</isList>
      <required>false</required>
      <isPersisted>true</isPersisted>
      <inputSymbol>host</inputSymbol>
      <listDelimiter>,</listDelimiter>
      <record>false</record>
      <prompt></prompt>
      <isMultiSelect>false</isMultiSelect>
      <sourceDelimiter>|</sourceDelimiter>
    </userInputBinding>
  </inputs>
  <possibleResponses>
    <opResponse id="3a73c9a7-82e9-4271-b6ae-9c0dcc6caa70">
      <annotation></annotation>
      <name>success</name>
      <isDefault>true</isDefault>
      <onFailure>false</onFailure>
      <type>RESOLVED</type>
      <matchRules/>
    </opResponse>
    <opResponse id="4d6bebba-3be6-4af2-8f77-56222746fe5a">
      <annotation></annotation>
      <name>failure</name>
      <isDefault>false</isDefault>
      <onFailure>true</onFailure>
      <type>ERROR</type>
      <matchRules/>
    </opResponse>
  </possibleResponses>
  <availableResultExpressions/>
  <resultExpression id="6823b91d-37f8-4a55-92ff-7bc5f3cb1894">
    <annotation></annotation>
    <name>availableMemory</name>
    <fieldName>availableMemory</fieldName>
    <sourceType>RAWRESULT</sourceType>
    <filters/>
  </resultExpression>
  <iconSpec id="082337ca-aff5-4933-8492-b95172aa29d7">
    <baseIcon>flow.png</baseIcon>
    <basePath>System</basePath>
    <readOnly>false</readOnly>
    <layers/>
  </iconSpec>
  <callouts/>
  <checkPointFlow>true</checkPointFlow>
  <compatibleRuntimeContext>false</compatibleRuntimeContext>
  <historyCheckPointFlow>true</historyCheckPointFlow>
  <steps>
    <step id="a4fe7d01-c6c1-4a71-bc94-79e9bb3835d8">
      <annotation>cf18de68-9455-4d3e-a77d-438f6032c6ae.a4fe7d01-c6c1-4a71-bc94-79e9bb3835d8.description</annotation>
      <name>Get Available Memory in Megabytes</name>
      <bounds>
        <x>164.0</x>
        <y>44.0</y>
      </bounds>
      <layer>-1</layer>
      <hideInbound>false</hideInbound>
      <addResultToRunContext>false</addResultToRunContext>
      <isCriticalStep>false</isCriticalStep>
      <isNonBlocking>false</isNonBlocking>
      <isParallelStep>false</isParallelStep>
      <isSingleResponse>false</isSingleResponse>
      <recordInHistory>false</recordInHistory>
      <recordRawOutput>true</recordRawOutput>
      <recordPrimaryOutput>true</recordPrimaryOutput>
      <checkPointStep>true</checkPointStep>
      <historyCheckPointStep>true</historyCheckPointStep>
      <scriptResultStep>false</scriptResultStep>
      <userPrompt></userPrompt>
      <bindings>
        <userInputBinding id="6af00b64-d0f1-4521-982d-e28bb97f2b02">
          <annotation></annotation>
          <assignFromContext>true</assignFromContext>
          <assignToContext>true</assignToContext>
          <inputType>STRING</inputType>
          <isList>false</isList>
          <required>true</required>
          <isPersisted>true</isPersisted>
          <inputSymbol>host</inputSymbol>
          <listDelimiter>,</listDelimiter>
          <record>false</record>
          <prompt>cf18de68-9455-4d3e-a77d-438f6032c6ae.6af00b64-d0f1-4521-982d-e28bb97f2b02.prompt</prompt>
          <isMultiSelect>false</isMultiSelect>
          <sourceDelimiter>|</sourceDelimiter>
        </userInputBinding>
        <staticBinding id="8dd9efd3-eedf-4595-a061-8743b20c7dcf">
          <annotation></annotation>
          <assignFromContext>false</assignFromContext>
          <assignToContext>false</assignToContext>
          <inputType>STRING</inputType>
          <isList>false</isList>
          <required>true</required>
          <isPersisted>true</isPersisted>
          <inputSymbol>object</inputSymbol>
          <listDelimiter>,</listDelimiter>
          <value>memory</value>
          <record>false</record>
        </staticBinding>
        <staticBinding id="f459cd79-64b9-4206-bfab-050d74d45b9e">
          <annotation></annotation>
          <assignFromContext>false</assignFromContext>
          <assignToContext>false</assignToContext>
          <inputType>STRING</inputType>
          <isList>false</isList>
          <required>true</required>
          <isPersisted>true</isPersisted>
          <inputSymbol>counter</inputSymbol>
          <listDelimiter>,</listDelimiter>
          <value>available mbytes</value>
          <record>false</record>
        </staticBinding>
      </bindings>
      <transitions>
        <transition id="65de9e5f-9bbc-41b0-b590-f6fca6783837">
          <annotation></annotation>
          <name>success</name>
          <command>NEXT</command>
          <linkMode>false</linkMode>
          <responseSymbol>success</responseSymbol>
          <shouldHandoff>false</shouldHandoff>
          <transitionValue>0.0</transitionValue>
          <destination>
            <refId>795f87c1-3336-452b-8ec8-cb084a523491</refId>
          </destination>
          <source>
            <refId>a4fe7d01-c6c1-4a71-bc94-79e9bb3835d8</refId>
          </source>
          <positions>
            <point>
              <x>214.0</x>
              <y>78.0</y>
            </point>
            <point>
              <x>451.0</x>
              <y>62.0</y>
            </point>
          </positions>
          <labelPosition>
            <x>333.0</x>
            <y>0.0</y>
          </labelPosition>
        </transition>
        <transition id="9844c26d-71b8-454d-833e-0dfaadf70136">
          <annotation></annotation>
          <name>failure</name>
          <command>NEXT</command>
          <linkMode>false</linkMode>
          <responseSymbol>failure</responseSymbol>
          <shouldHandoff>false</shouldHandoff>
          <transitionValue>0.0</transitionValue>
          <destination>
            <refId>83964769-4537-44cc-b952-21337de2e90d</refId>
          </destination>
          <source>
            <refId>a4fe7d01-c6c1-4a71-bc94-79e9bb3835d8</refId>
          </source>
          <positions>
            <point>
              <x>229.7058823529412</x>
              <y>110.0</y>
            </point>
            <point>
              <x>255.0</x>
              <y>168.0</y>
            </point>
            <point>
              <x>216.0</x>
              <y>249.0</y>
            </point>
          </positions>
          <labelPosition>
            <x>333.0</x>
            <y>0.0</y>
          </labelPosition>
        </transition>
      </transitions>
      <properties/>
      <opRef>
        <refId>4421c035-e2bc-46a5-90ea-a07277e03d7a</refId>
      </opRef>
      <assignments>
        <flowVariableAssignment id="93e53dcf-f35e-4629-b444-72cb2e9759b9">
          <annotation></annotation>
          <name>assignment</name>
          <action>OVERWRITE</action>
          <assignmentTargetType>FLOW_OUTPUT_FIELD</assignmentTargetType>
          <contextKey>availableMemory</contextKey>
          <expression id="2d457627-45cd-404a-8eff-a26ac35f0763">
            <annotation></annotation>
            <name>Result Field: value</name>
            <fieldName>value</fieldName>
            <sourceType>RAWRESULT</sourceType>
            <filters/>
          </expression>
        </flowVariableAssignment>
      </assignments>
      <throttleSize>0</throttleSize>
    </step>
    <returnStep id="795f87c1-3336-452b-8ec8-cb084a523491">
      <annotation></annotation>
      <name>Resolved : success</name>
      <bounds>
        <x>360.0</x>
        <y>45.0</y>
      </bounds>
      <layer>-1</layer>
      <hideInbound>false</hideInbound>
      <addResultToRunContext>false</addResultToRunContext>
      <isCriticalStep>false</isCriticalStep>
      <isNonBlocking>false</isNonBlocking>
      <isParallelStep>false</isParallelStep>
      <isSingleResponse>false</isSingleResponse>
      <recordInHistory>false</recordInHistory>
      <recordRawOutput>true</recordRawOutput>
      <recordPrimaryOutput>true</recordPrimaryOutput>
      <checkPointStep>true</checkPointStep>
      <historyCheckPointStep>true</historyCheckPointStep>
      <scriptResultStep>false</scriptResultStep>
      <userPrompt></userPrompt>
      <bindings/>
      <transitions>
        <transition id="6589dbf0-b45a-4feb-9928-d284498d6d47">
          <annotation></annotation>
          <name>return</name>
          <command>NEXT</command>
          <linkMode>false</linkMode>
          <responseSymbol>success</responseSymbol>
          <shouldHandoff>false</shouldHandoff>
          <transitionValue>0.0</transitionValue>
          <destination>
            <refId>795f87c1-3336-452b-8ec8-cb084a523491</refId>
          </destination>
          <source>
            <refId>795f87c1-3336-452b-8ec8-cb084a523491</refId>
          </source>
          <positions/>
        </transition>
      </transitions>
      <properties/>
      <returnStepType>RESOLVED</returnStepType>
      <assignments/>
    </returnStep>
    <returnStep id="83964769-4537-44cc-b952-21337de2e90d">
      <annotation></annotation>
      <name>Error : failure</name>
      <bounds>
        <x>166.0</x>
        <y>199.0</y>
      </bounds>
      <layer>-1</layer>
      <hideInbound>false</hideInbound>
      <addResultToRunContext>false</addResultToRunContext>
      <isCriticalStep>false</isCriticalStep>
      <isNonBlocking>false</isNonBlocking>
      <isParallelStep>false</isParallelStep>
      <isSingleResponse>false</isSingleResponse>
      <recordInHistory>false</recordInHistory>
      <recordRawOutput>true</recordRawOutput>
      <recordPrimaryOutput>true</recordPrimaryOutput>
      <checkPointStep>true</checkPointStep>
      <historyCheckPointStep>true</historyCheckPointStep>
      <scriptResultStep>false</scriptResultStep>
      <userPrompt></userPrompt>
      <bindings/>
      <transitions>
        <transition id="c9e2146d-a956-48fc-8762-5577e0bad71f">
          <annotation></annotation>
          <name>return</name>
          <command>NEXT</command>
          <linkMode>false</linkMode>
          <responseSymbol>failure</responseSymbol>
          <shouldHandoff>false</shouldHandoff>
          <transitionValue>0.0</transitionValue>
          <destination>
            <refId>83964769-4537-44cc-b952-21337de2e90d</refId>
          </destination>
          <source>
            <refId>83964769-4537-44cc-b952-21337de2e90d</refId>
          </source>
          <positions/>
        </transition>
      </transitions>
      <properties/>
      <returnStepType>ERROR</returnStepType>
      <assignments/>
    </returnStep>
  </steps>
  <startSteps>a4fe7d01-c6c1-4a71-bc94-79e9bb3835d8</startSteps>
</flow>