<?xml version="1.0" encoding="UTF-8"?>
<flow id="b2fc2869-6e3e-42f5-a025-8c72fe3556f7">
  <descriptionCdata><![CDATA[b2fc2869-6e3e-42f5-a025-8c72fe3556f7.8e811fe0-1159-4df2-ada6-57eeeedd4960.description=<pre>\n\nDisplays a message to the user.\n\nInputs\:\n  message - The message text to display\n  title - The title on the message window. Defaults to "Status message".\n\nResponses\:\n  Always returns success.\n\nExamples\:\n  In order to display the message "Finished" to the user, go to the \n  detail screen for the input named "message" and change the Otherwise option\n  from Prompt User to Use Constant.  Then enter the text "Finished" into the\n  Constant Value field.\n\n  References to flow variables in the Contant Value field are expanded so that\n  the text may be dynamic.  Flow variable references are of the form\n  ${variable}.  For example, the text\:\n     ${count} systems were modified \n  could be used to display a message about the number of systems that were\n  repaired, whose value is in the flow variable "count".\n\n  When the message is displayed, it will properly render any embedded html\n  tags, which permits creating messages with more advanced formatting.  For \n  example to display a message in italics you could use\:\n    <i>This is important</i>\n  or to display a message in red\:\n    <i>This is <span style\="color\: red">really </span> important</i>\n\n  You can create messages that contain multiple lines by entering a multiple\n  line message in the Constant Value field, or by using HTML <BR> tags for line\n  breaks.  Note that \\n characters are displayed literally and are not used for\n  creating multiple lines.\n\n</pre>\n
]]></descriptionCdata>
  <annotation></annotation>
  <name>Get System Report</name>
  <categories/>
  <inputs>
    <userInputBinding id="a323afdd-f5c4-4768-b2c2-98f25fb774be">
      <annotation></annotation>
      <assignFromContext>false</assignFromContext>
      <assignToContext>true</assignToContext>
      <inputType>STRING</inputType>
      <isList>false</isList>
      <required>false</required>
      <isPersisted>true</isPersisted>
      <inputSymbol>host</inputSymbol>
      <listDelimiter>,</listDelimiter>
      <record>false</record>
      <prompt></prompt>
      <isMultiSelect>false</isMultiSelect>
      <sourceDelimiter>|</sourceDelimiter>
    </userInputBinding>
  </inputs>
  <possibleResponses>
    <opResponse id="6f9ccb46-7be4-4b79-9101-eb99d08863d9">
      <annotation></annotation>
      <name>success</name>
      <isDefault>true</isDefault>
      <onFailure>false</onFailure>
      <type>RESOLVED</type>
      <matchRules/>
    </opResponse>
    <opResponse id="d8de8cca-9c5e-4dea-a439-fbae4b36f02f">
      <annotation></annotation>
      <name>failure</name>
      <isDefault>false</isDefault>
      <onFailure>true</onFailure>
      <type>ERROR</type>
      <matchRules/>
    </opResponse>
  </possibleResponses>
  <availableResultExpressions/>
  <resultExpression id="e84f1c7b-1db3-47a0-97b4-d6d4f2e854cb">
    <annotation></annotation>
    <name>FailureMessage</name>
    <fieldName>FailureMessage</fieldName>
    <sourceType>RAWRESULT</sourceType>
    <filters/>
  </resultExpression>
  <iconSpec id="8a85f024-c8e7-429c-be11-319e63986c16">
    <baseIcon>flow.png</baseIcon>
    <basePath>System</basePath>
    <readOnly>false</readOnly>
    <layers/>
  </iconSpec>
  <callouts/>
  <checkPointFlow>true</checkPointFlow>
  <compatibleRuntimeContext>false</compatibleRuntimeContext>
  <historyCheckPointFlow>true</historyCheckPointFlow>
  <steps>
    <step id="3e2d1dce-a46f-44df-afcb-14b07a3a4efe">
      <annotation></annotation>
      <name>Get Available Memory in megabytes</name>
      <bounds>
        <x>71.0</x>
        <y>31.0</y>
      </bounds>
      <layer>-1</layer>
      <hideInbound>false</hideInbound>
      <addResultToRunContext>false</addResultToRunContext>
      <isCriticalStep>false</isCriticalStep>
      <isNonBlocking>false</isNonBlocking>
      <isParallelStep>false</isParallelStep>
      <isSingleResponse>false</isSingleResponse>
      <recordInHistory>false</recordInHistory>
      <recordRawOutput>true</recordRawOutput>
      <recordPrimaryOutput>true</recordPrimaryOutput>
      <checkPointStep>true</checkPointStep>
      <historyCheckPointStep>true</historyCheckPointStep>
      <scriptResultStep>false</scriptResultStep>
      <userPrompt></userPrompt>
      <bindings>
        <staticBinding id="49b1fa37-a8ce-4f40-b762-1ced6b882892">
          <annotation></annotation>
          <assignFromContext>true</assignFromContext>
          <assignToContext>false</assignToContext>
          <inputType>STRING</inputType>
          <isList>false</isList>
          <required>false</required>
          <isPersisted>true</isPersisted>
          <inputSymbol>host</inputSymbol>
          <listDelimiter>,</listDelimiter>
          <record>false</record>
        </staticBinding>
      </bindings>
      <transitions>
        <transition id="2d0f162e-8a9d-4c0f-9518-977f8409530d">
          <annotation></annotation>
          <name>success</name>
          <command>NEXT</command>
          <linkMode>false</linkMode>
          <responseSymbol>success</responseSymbol>
          <shouldHandoff>false</shouldHandoff>
          <transitionValue>0.0</transitionValue>
          <destination>
            <refId>cd5db6be-b467-460a-b261-901f1a3a2aef</refId>
          </destination>
          <source>
            <refId>3e2d1dce-a46f-44df-afcb-14b07a3a4efe</refId>
          </source>
          <positions>
            <point>
              <x>121.0</x>
              <y>65.0</y>
            </point>
            <point>
              <x>329.0</x>
              <y>61.0</y>
            </point>
          </positions>
          <labelPosition>
            <x>333.0</x>
            <y>0.0</y>
          </labelPosition>
        </transition>
        <transition id="b282fb4e-ba3e-484e-a3b4-65c1d6e9676e">
          <annotation></annotation>
          <name>failure</name>
          <command>NEXT</command>
          <linkMode>false</linkMode>
          <responseSymbol>failure</responseSymbol>
          <shouldHandoff>false</shouldHandoff>
          <transitionValue>0.0</transitionValue>
          <destination>
            <refId>ca1da1a6-232e-481f-bc1d-368b664512c2</refId>
          </destination>
          <source>
            <refId>3e2d1dce-a46f-44df-afcb-14b07a3a4efe</refId>
          </source>
          <positions>
            <point>
              <x>121.63235294117646</x>
              <y>97.0</y>
            </point>
            <point>
              <x>190.0</x>
              <y>100.0</y>
            </point>
            <point>
              <x>208.0</x>
              <y>202.0</y>
            </point>
          </positions>
          <labelPosition>
            <x>333.0</x>
            <y>0.0</y>
          </labelPosition>
        </transition>
      </transitions>
      <properties/>
      <opRef>
        <refId>cf18de68-9455-4d3e-a77d-438f6032c6ae</refId>
      </opRef>
      <assignments>
        <flowVariableAssignment id="26a0fc67-b0cb-4c95-9fab-87d0e5cb6be8">
          <annotation></annotation>
          <name>assignment</name>
          <action>OVERWRITE</action>
          <assignmentTargetType>FLOW_VARIABLE</assignmentTargetType>
          <contextKey>availableMemory</contextKey>
          <expression id="7a2c2d3f-d7ea-4917-97fc-19cdc5b004c9">
            <annotation></annotation>
            <name>Result Field: availableMemory</name>
            <fieldName>availableMemory</fieldName>
            <sourceType>RAWRESULT</sourceType>
            <filters/>
          </expression>
        </flowVariableAssignment>
      </assignments>
      <throttleSize>0</throttleSize>
    </step>
    <step id="cd5db6be-b467-460a-b261-901f1a3a2aef">
      <annotation></annotation>
      <name>Get Average Disk Read-Write</name>
      <bounds>
        <x>254.0</x>
        <y>26.0</y>
      </bounds>
      <layer>-1</layer>
      <hideInbound>false</hideInbound>
      <addResultToRunContext>false</addResultToRunContext>
      <isCriticalStep>false</isCriticalStep>
      <isNonBlocking>false</isNonBlocking>
      <isParallelStep>false</isParallelStep>
      <isSingleResponse>false</isSingleResponse>
      <recordInHistory>false</recordInHistory>
      <recordRawOutput>true</recordRawOutput>
      <recordPrimaryOutput>true</recordPrimaryOutput>
      <checkPointStep>true</checkPointStep>
      <historyCheckPointStep>true</historyCheckPointStep>
      <scriptResultStep>false</scriptResultStep>
      <userPrompt></userPrompt>
      <bindings>
        <userInputBinding id="2f1425f8-5362-4f17-b974-35e111de8647">
          <annotation></annotation>
          <assignFromContext>true</assignFromContext>
          <assignToContext>false</assignToContext>
          <inputType>STRING</inputType>
          <isList>false</isList>
          <required>true</required>
          <isPersisted>true</isPersisted>
          <inputSymbol>host</inputSymbol>
          <listDelimiter>,</listDelimiter>
          <record>false</record>
          <prompt></prompt>
          <isMultiSelect>false</isMultiSelect>
          <sourceDelimiter>|</sourceDelimiter>
        </userInputBinding>
      </bindings>
      <transitions>
        <transition id="f3466e3f-eee4-4aee-bf90-91c4d4b209c9">
          <annotation></annotation>
          <name>failure</name>
          <command>NEXT</command>
          <linkMode>false</linkMode>
          <responseSymbol>failure</responseSymbol>
          <shouldHandoff>false</shouldHandoff>
          <transitionValue>0.0</transitionValue>
          <destination>
            <refId>ca1da1a6-232e-481f-bc1d-368b664512c2</refId>
          </destination>
          <source>
            <refId>cd5db6be-b467-460a-b261-901f1a3a2aef</refId>
          </source>
          <positions>
            <point>
              <x>276.47482014388487</x>
              <y>94.0</y>
            </point>
            <point>
              <x>222.0</x>
              <y>109.0</y>
            </point>
            <point>
              <x>208.0</x>
              <y>202.0</y>
            </point>
          </positions>
          <labelPosition>
            <x>333.0</x>
            <y>0.0</y>
          </labelPosition>
        </transition>
        <transition id="2867956d-2b2f-4a10-a111-05b950f097d5">
          <annotation></annotation>
          <name>success</name>
          <command>NEXT</command>
          <linkMode>false</linkMode>
          <responseSymbol>success</responseSymbol>
          <shouldHandoff>false</shouldHandoff>
          <transitionValue>0.0</transitionValue>
          <destination>
            <refId>8e811fe0-1159-4df2-ada6-57eeeedd4960</refId>
          </destination>
          <source>
            <refId>cd5db6be-b467-460a-b261-901f1a3a2aef</refId>
          </source>
          <positions>
            <point>
              <x>313.0</x>
              <y>60.0</y>
            </point>
            <point>
              <x>412.0</x>
              <y>34.0</y>
            </point>
          </positions>
          <labelPosition>
            <x>333.0</x>
            <y>0.0</y>
          </labelPosition>
        </transition>
      </transitions>
      <properties/>
      <opRef>
        <refId>fab43539-8a58-46b5-b3cf-3e3fc53f3af7</refId>
      </opRef>
      <assignments>
        <flowVariableAssignment id="5d98c52e-97be-405d-be11-56bea304d9e9">
          <annotation></annotation>
          <name>assignment</name>
          <action>OVERWRITE</action>
          <assignmentTargetType>FLOW_VARIABLE</assignmentTargetType>
          <contextKey>diskRead</contextKey>
          <expression id="04ea2af9-8f9f-4ef3-8750-a3abe6d6ad39">
            <annotation></annotation>
            <name>Result: diskRead</name>
            <fieldName>diskRead</fieldName>
            <sourceType>AVAILABLE_RESULT</sourceType>
            <filters/>
          </expression>
        </flowVariableAssignment>
        <flowVariableAssignment id="634a831c-8093-4422-a167-faa0607168c4">
          <annotation></annotation>
          <name>assignment</name>
          <action>OVERWRITE</action>
          <assignmentTargetType>FLOW_VARIABLE</assignmentTargetType>
          <contextKey>diskWrite</contextKey>
          <expression id="c0c6b146-a33a-4a83-bcdd-f001bc551b1c">
            <annotation></annotation>
            <name>Result: diskWrite</name>
            <fieldName>diskWrite</fieldName>
            <sourceType>AVAILABLE_RESULT</sourceType>
            <filters/>
          </expression>
        </flowVariableAssignment>
      </assignments>
      <throttleSize>0</throttleSize>
    </step>
    <returnStep id="ae419ec3-450f-4ae8-8086-da4ee55b9372">
      <annotation></annotation>
      <name>Resolved : success</name>
      <bounds>
        <x>408.0</x>
        <y>153.0</y>
      </bounds>
      <layer>-1</layer>
      <hideInbound>false</hideInbound>
      <addResultToRunContext>false</addResultToRunContext>
      <isCriticalStep>false</isCriticalStep>
      <isNonBlocking>false</isNonBlocking>
      <isParallelStep>false</isParallelStep>
      <isSingleResponse>false</isSingleResponse>
      <recordInHistory>false</recordInHistory>
      <recordRawOutput>true</recordRawOutput>
      <recordPrimaryOutput>true</recordPrimaryOutput>
      <checkPointStep>true</checkPointStep>
      <historyCheckPointStep>true</historyCheckPointStep>
      <scriptResultStep>false</scriptResultStep>
      <userPrompt></userPrompt>
      <bindings/>
      <transitions>
        <transition id="2fa7175c-478a-41eb-9d16-258a8f00f80b">
          <annotation></annotation>
          <name>return</name>
          <command>NEXT</command>
          <linkMode>false</linkMode>
          <responseSymbol>success</responseSymbol>
          <shouldHandoff>false</shouldHandoff>
          <transitionValue>0.0</transitionValue>
          <destination>
            <refId>ae419ec3-450f-4ae8-8086-da4ee55b9372</refId>
          </destination>
          <source>
            <refId>ae419ec3-450f-4ae8-8086-da4ee55b9372</refId>
          </source>
          <positions/>
        </transition>
      </transitions>
      <properties/>
      <returnStepType>RESOLVED</returnStepType>
      <assignments/>
    </returnStep>
    <returnStep id="ca1da1a6-232e-481f-bc1d-368b664512c2">
      <annotation></annotation>
      <name>Error : failure</name>
      <bounds>
        <x>158.0</x>
        <y>152.0</y>
      </bounds>
      <layer>-1</layer>
      <hideInbound>false</hideInbound>
      <addResultToRunContext>false</addResultToRunContext>
      <isCriticalStep>false</isCriticalStep>
      <isNonBlocking>false</isNonBlocking>
      <isParallelStep>false</isParallelStep>
      <isSingleResponse>false</isSingleResponse>
      <recordInHistory>false</recordInHistory>
      <recordRawOutput>true</recordRawOutput>
      <recordPrimaryOutput>true</recordPrimaryOutput>
      <checkPointStep>true</checkPointStep>
      <historyCheckPointStep>true</historyCheckPointStep>
      <scriptResultStep>false</scriptResultStep>
      <userPrompt></userPrompt>
      <bindings/>
      <transitions>
        <transition id="c0ca3597-d910-47ef-8f77-17b8844e5ee8">
          <annotation></annotation>
          <name>return</name>
          <command>NEXT</command>
          <linkMode>false</linkMode>
          <responseSymbol>failure</responseSymbol>
          <shouldHandoff>false</shouldHandoff>
          <transitionValue>0.0</transitionValue>
          <destination>
            <refId>ca1da1a6-232e-481f-bc1d-368b664512c2</refId>
          </destination>
          <source>
            <refId>ca1da1a6-232e-481f-bc1d-368b664512c2</refId>
          </source>
          <positions/>
        </transition>
      </transitions>
      <properties/>
      <returnStepType>ERROR</returnStepType>
      <assignments/>
    </returnStep>
    <step id="8e811fe0-1159-4df2-ada6-57eeeedd4960">
      <annotation>b2fc2869-6e3e-42f5-a025-8c72fe3556f7.8e811fe0-1159-4df2-ada6-57eeeedd4960.description</annotation>
      <name>Display Message</name>
      <bounds>
        <x>406.0</x>
        <y>25.0</y>
      </bounds>
      <layer>-1</layer>
      <hideInbound>false</hideInbound>
      <addResultToRunContext>false</addResultToRunContext>
      <isCriticalStep>false</isCriticalStep>
      <isNonBlocking>false</isNonBlocking>
      <isParallelStep>false</isParallelStep>
      <isSingleResponse>false</isSingleResponse>
      <recordInHistory>false</recordInHistory>
      <recordRawOutput>true</recordRawOutput>
      <recordPrimaryOutput>true</recordPrimaryOutput>
      <checkPointStep>true</checkPointStep>
      <historyCheckPointStep>true</historyCheckPointStep>
      <scriptResultStep>false</scriptResultStep>
      <userPrompt></userPrompt>
      <bindings>
        <staticBinding id="73b2f774-b958-449a-bd1f-fed090251bfa">
          <annotation></annotation>
          <assignFromContext>false</assignFromContext>
          <assignToContext>false</assignToContext>
          <inputType>STRING</inputType>
          <isList>false</isList>
          <required>true</required>
          <isPersisted>true</isPersisted>
          <inputSymbol>message</inputSymbol>
          <listDelimiter>,</listDelimiter>
          <value>&lt;b&gt;Available Memory&lt;/b&gt;
${availableMemory} Megabytes.
&lt;b&gt;Disk Performance&lt;/b&gt;
Average Reads:${diskRead}ms
Average Writes:${diskWrite}ms</value>
          <record>false</record>
        </staticBinding>
        <staticBinding id="57e91e41-c302-4495-9f31-2028aaf34349">
          <annotation></annotation>
          <assignFromContext>false</assignFromContext>
          <assignToContext>false</assignToContext>
          <inputType>STRING</inputType>
          <isList>false</isList>
          <required>false</required>
          <isPersisted>true</isPersisted>
          <inputSymbol>title</inputSymbol>
          <listDelimiter>,</listDelimiter>
          <value>Status message</value>
          <record>false</record>
        </staticBinding>
      </bindings>
      <transitions>
        <transition id="20682478-a43d-4096-8323-3c619f67a36b">
          <annotation></annotation>
          <name>success</name>
          <command>NEXT</command>
          <linkMode>false</linkMode>
          <responseSymbol>success</responseSymbol>
          <shouldHandoff>false</shouldHandoff>
          <transitionValue>0.0</transitionValue>
          <destination>
            <refId>ae419ec3-450f-4ae8-8086-da4ee55b9372</refId>
          </destination>
          <source>
            <refId>8e811fe0-1159-4df2-ada6-57eeeedd4960</refId>
          </source>
          <positions>
            <point>
              <x>468.88775510204084</x>
              <y>87.0</y>
            </point>
            <point>
              <x>468.0</x>
              <y>132.0</y>
            </point>
            <point>
              <x>443.0</x>
              <y>203.0</y>
            </point>
          </positions>
          <labelPosition>
            <x>333.0</x>
            <y>0.0</y>
          </labelPosition>
        </transition>
      </transitions>
      <properties/>
      <opRef>
        <refId>434e6fa2-26bc-4e84-9e1f-0aa6946cf920</refId>
      </opRef>
      <assignments/>
      <throttleSize>0</throttleSize>
    </step>
  </steps>
  <startSteps>3e2d1dce-a46f-44df-afcb-14b07a3a4efe</startSteps>
</flow>