<?xml version="1.0" encoding="UTF-8"?>
<flow id="84e43fec-3b3a-4221-9b7e-42c8eea2e5d1">
  <descriptionCdata><![CDATA[84e43fec-3b3a-4221-9b7e-42c8eea2e5d1.a246fc9b-d290-48d8-a589-cfe1d689e2f9.description=<pre>\n\nDisplays a message to the user.\n\nInputs\:\n  message - The message text to display\n  title - The title on the message window. Defaults to "Status message".\n\nResponses\:\n  Always returns success.\n\nExamples\:\n  In order to display the message "Finished" to the user, go to the \n  detail screen for the input named "message" and change the Otherwise option\n  from Prompt User to Use Constant.  Then enter the text "Finished" into the\n  Constant Value field.\n\n  References to flow variables in the Contant Value field are expanded so that\n  the text may be dynamic.  Flow variable references are of the form\n  ${variable}.  For example, the text\:\n     ${count} systems were modified \n  could be used to display a message about the number of systems that were\n  repaired, whose value is in the flow variable "count".\n\n  When the message is displayed, it will properly render any embedded html\n  tags, which permits creating messages with more advanced formatting.  For \n  example to display a message in italics you could use\:\n    <i>This is important</i>\n  or to display a message in red\:\n    <i>This is <span style\="color\: red">really </span> important</i>\n\n  You can create messages that contain multiple lines by entering a multiple\n  line message in the Constant Value field, or by using HTML <BR> tags for line\n  breaks.  Note that \\n characters are displayed literally and are not used for\n  creating multiple lines.\n\n</pre>\n
84e43fec-3b3a-4221-9b7e-42c8eea2e5d1.aaab9489-8967-4c44-a73e-774777d1a1ce.description=<pre>\nThis operation can be used to control the path of execution that a flow takes. It allows you to manually select the flow's response. \nWhen the execution of the flow reaches a "Manual" step, after the step starts, you are prompted to select the response to follow from a selection list. Each response corresponds to a step that follows the "Manual" step in the flow. This step can be followed by any number of steps.\n\nExample\: You have a simple flow that has a "Manual" step as the start step, followed by two steps named "Read From File" and "Write To File". When the execution of the flow reaches the "Manual" step, you are prompted to select the response of this step. You can choose between "Read From File" and "Write To File".\n</pre>
84e43fec-3b3a-4221-9b7e-42c8eea2e5d1.c152f547-2d90-4171-a440-a1a39c4d4c4d.description=<pre>\n\nDisplays a message to the user.\n\nInputs\:\n  message - The message text to display\n  title - The title on the message window. Defaults to "Status message".\n\nResponses\:\n  Always returns success.\n\nExamples\:\n  In order to display the message "Finished" to the user, go to the \n  detail screen for the input named "message" and change the Otherwise option\n  from Prompt User to Use Constant.  Then enter the text "Finished" into the\n  Constant Value field.\n\n  References to flow variables in the Contant Value field are expanded so that\n  the text may be dynamic.  Flow variable references are of the form\n  ${variable}.  For example, the text\:\n     ${count} systems were modified \n  could be used to display a message about the number of systems that were\n  repaired, whose value is in the flow variable "count".\n\n  When the message is displayed, it will properly render any embedded html\n  tags, which permits creating messages with more advanced formatting.  For \n  example to display a message in italics you could use\:\n    <i>This is important</i>\n  or to display a message in red\:\n    <i>This is <span style\="color\: red">really </span> important</i>\n\n  You can create messages that contain multiple lines by entering a multiple\n  line message in the Constant Value field, or by using HTML <BR> tags for line\n  breaks.  Note that \\n characters are displayed literally and are not used for\n  creating multiple lines.\n\n</pre>\n
84e43fec-3b3a-4221-9b7e-42c8eea2e5d1.e2792e29-f389-4a32-af21-c576a907eff4.description=<pre>\n\nDisplays a message to the user.\n\nInputs\:\n  message - The message text to display\n  title - The title on the message window. Defaults to "Status message".\n\nResponses\:\n  Always returns success.\n\nExamples\:\n  In order to display the message "Finished" to the user, go to the \n  detail screen for the input named "message" and change the Otherwise option\n  from Prompt User to Use Constant.  Then enter the text "Finished" into the\n  Constant Value field.\n\n  References to flow variables in the Contant Value field are expanded so that\n  the text may be dynamic.  Flow variable references are of the form\n  ${variable}.  For example, the text\:\n     ${count} systems were modified \n  could be used to display a message about the number of systems that were\n  repaired, whose value is in the flow variable "count".\n\n  When the message is displayed, it will properly render any embedded html\n  tags, which permits creating messages with more advanced formatting.  For \n  example to display a message in italics you could use\:\n    <i>This is important</i>\n  or to display a message in red\:\n    <i>This is <span style\="color\: red">really </span> important</i>\n\n  You can create messages that contain multiple lines by entering a multiple\n  line message in the Constant Value field, or by using HTML <BR> tags for line\n  breaks.  Note that \\n characters are displayed literally and are not used for\n  creating multiple lines.\n\n</pre>\n
]]></descriptionCdata>
  <annotation></annotation>
  <name>Manual Flow Direction</name>
  <categories/>
  <inputs/>
  <possibleResponses>
    <opResponse id="52ef1462-d459-4b9b-a7c6-675a5e4a322c">
      <annotation></annotation>
      <name>success</name>
      <isDefault>true</isDefault>
      <onFailure>false</onFailure>
      <type>RESOLVED</type>
      <matchRules/>
    </opResponse>
  </possibleResponses>
  <availableResultExpressions/>
  <resultExpression id="fe4bfc04-3df5-4654-97c9-de166a16fea0">
    <annotation></annotation>
    <name>FailureMessage</name>
    <fieldName>FailureMessage</fieldName>
    <sourceType>RAWRESULT</sourceType>
    <filters/>
  </resultExpression>
  <iconSpec id="c24b49d8-ad59-4a62-acc1-2874ff9307ff">
    <baseIcon>flow.png</baseIcon>
    <basePath>System</basePath>
    <readOnly>false</readOnly>
    <layers/>
  </iconSpec>
  <callouts/>
  <checkPointFlow>true</checkPointFlow>
  <compatibleRuntimeContext>false</compatibleRuntimeContext>
  <historyCheckPointFlow>true</historyCheckPointFlow>
  <steps>
    <step id="aaab9489-8967-4c44-a73e-774777d1a1ce">
      <annotation>84e43fec-3b3a-4221-9b7e-42c8eea2e5d1.aaab9489-8967-4c44-a73e-774777d1a1ce.description</annotation>
      <name>Manual</name>
      <bounds>
        <x>48.0</x>
        <y>179.0</y>
      </bounds>
      <layer>-1</layer>
      <hideInbound>false</hideInbound>
      <addResultToRunContext>false</addResultToRunContext>
      <isCriticalStep>false</isCriticalStep>
      <isNonBlocking>false</isNonBlocking>
      <isParallelStep>false</isParallelStep>
      <isSingleResponse>false</isSingleResponse>
      <recordInHistory>false</recordInHistory>
      <recordRawOutput>true</recordRawOutput>
      <recordPrimaryOutput>true</recordPrimaryOutput>
      <checkPointStep>true</checkPointStep>
      <historyCheckPointStep>true</historyCheckPointStep>
      <scriptResultStep>false</scriptResultStep>
      <userPrompt></userPrompt>
      <bindings/>
      <transitions>
        <transition id="48f13910-6381-42a6-bf9c-513888a34a10">
          <annotation></annotation>
          <name>Path1</name>
          <command>NEXT</command>
          <linkMode>false</linkMode>
          <responseSymbol>Display Message</responseSymbol>
          <shouldHandoff>false</shouldHandoff>
          <transitionValue>0.0</transitionValue>
          <destination>
            <refId>c152f547-2d90-4171-a440-a1a39c4d4c4d</refId>
          </destination>
          <source>
            <refId>aaab9489-8967-4c44-a73e-774777d1a1ce</refId>
          </source>
          <positions>
            <point>
              <x>98.0</x>
              <y>213.0</y>
            </point>
            <point>
              <x>269.0</x>
              <y>88.0</y>
            </point>
          </positions>
          <labelPosition>
            <x>333.0</x>
            <y>0.0</y>
          </labelPosition>
        </transition>
        <transition id="ff37446e-a3a3-47ea-b66f-100f4ee45837">
          <annotation></annotation>
          <name>Path2</name>
          <command>NEXT</command>
          <linkMode>false</linkMode>
          <responseSymbol>Display Message</responseSymbol>
          <shouldHandoff>false</shouldHandoff>
          <transitionValue>0.0</transitionValue>
          <destination>
            <refId>e2792e29-f389-4a32-af21-c576a907eff4</refId>
          </destination>
          <source>
            <refId>aaab9489-8967-4c44-a73e-774777d1a1ce</refId>
          </source>
          <positions>
            <point>
              <x>98.0</x>
              <y>213.0</y>
            </point>
            <point>
              <x>268.0</x>
              <y>213.0</y>
            </point>
          </positions>
          <labelPosition>
            <x>333.0</x>
            <y>0.0</y>
          </labelPosition>
        </transition>
        <transition id="f41da8a7-9890-4b97-905f-51e8ddb5157f">
          <annotation></annotation>
          <name>Path3</name>
          <command>NEXT</command>
          <linkMode>false</linkMode>
          <responseSymbol>Display Message</responseSymbol>
          <shouldHandoff>false</shouldHandoff>
          <transitionValue>0.0</transitionValue>
          <destination>
            <refId>a246fc9b-d290-48d8-a589-cfe1d689e2f9</refId>
          </destination>
          <source>
            <refId>aaab9489-8967-4c44-a73e-774777d1a1ce</refId>
          </source>
          <positions>
            <point>
              <x>98.0</x>
              <y>213.0</y>
            </point>
            <point>
              <x>273.0</x>
              <y>347.0</y>
            </point>
          </positions>
          <labelPosition>
            <x>333.0</x>
            <y>0.0</y>
          </labelPosition>
        </transition>
      </transitions>
      <properties/>
      <opRef>
        <refId>8ab18c7f-96b3-46cc-a5d9-3abccdf58700</refId>
      </opRef>
      <assignments/>
      <throttleSize>0</throttleSize>
    </step>
    <step id="c152f547-2d90-4171-a440-a1a39c4d4c4d">
      <annotation>84e43fec-3b3a-4221-9b7e-42c8eea2e5d1.c152f547-2d90-4171-a440-a1a39c4d4c4d.description</annotation>
      <name>Path1</name>
      <bounds>
        <x>219.0</x>
        <y>54.0</y>
      </bounds>
      <layer>-1</layer>
      <hideInbound>false</hideInbound>
      <addResultToRunContext>false</addResultToRunContext>
      <isCriticalStep>false</isCriticalStep>
      <isNonBlocking>false</isNonBlocking>
      <isParallelStep>false</isParallelStep>
      <isSingleResponse>false</isSingleResponse>
      <recordInHistory>false</recordInHistory>
      <recordRawOutput>true</recordRawOutput>
      <recordPrimaryOutput>true</recordPrimaryOutput>
      <checkPointStep>true</checkPointStep>
      <historyCheckPointStep>true</historyCheckPointStep>
      <scriptResultStep>false</scriptResultStep>
      <userPrompt></userPrompt>
      <bindings>
        <staticBinding id="fc3d9036-5a93-4be5-9110-91959ba373f3">
          <annotation></annotation>
          <assignFromContext>false</assignFromContext>
          <assignToContext>false</assignToContext>
          <inputType>STRING</inputType>
          <isList>false</isList>
          <required>true</required>
          <isPersisted>true</isPersisted>
          <inputSymbol>message</inputSymbol>
          <listDelimiter>,</listDelimiter>
          <value>you selected Path1</value>
          <record>false</record>
        </staticBinding>
        <staticBinding id="6fdbec06-31cc-4113-8fbe-9bccd80db855">
          <annotation></annotation>
          <assignFromContext>false</assignFromContext>
          <assignToContext>false</assignToContext>
          <inputType>STRING</inputType>
          <isList>false</isList>
          <required>false</required>
          <isPersisted>true</isPersisted>
          <inputSymbol>title</inputSymbol>
          <listDelimiter>,</listDelimiter>
          <value>Status message</value>
          <record>false</record>
        </staticBinding>
      </bindings>
      <transitions>
        <transition id="c5523506-b329-46da-b7c3-8f3f9aa8cdd6">
          <annotation></annotation>
          <name>success</name>
          <command>NEXT</command>
          <linkMode>false</linkMode>
          <responseSymbol>success</responseSymbol>
          <shouldHandoff>false</shouldHandoff>
          <transitionValue>0.0</transitionValue>
          <destination>
            <refId>8762d7d4-5781-45e8-b832-1a7c2094fce6</refId>
          </destination>
          <source>
            <refId>c152f547-2d90-4171-a440-a1a39c4d4c4d</refId>
          </source>
          <positions>
            <point>
              <x>269.0</x>
              <y>88.0</y>
            </point>
            <point>
              <x>451.0</x>
              <y>192.0</y>
            </point>
          </positions>
          <labelPosition>
            <x>333.0</x>
            <y>0.0</y>
          </labelPosition>
        </transition>
      </transitions>
      <properties>
        <entry>
          <key>Prompt Title</key>
          <modelValue id="670c5839-3d08-4237-b3dd-503d0e2b3ae1">
            <doubleValue>0.0</doubleValue>
            <stringValue>Path1</stringValue>
            <encrypted>false</encrypted>
            <type>9</type>
          </modelValue>
        </entry>
      </properties>
      <opRef>
        <refId>434e6fa2-26bc-4e84-9e1f-0aa6946cf920</refId>
      </opRef>
      <assignments/>
      <throttleSize>0</throttleSize>
    </step>
    <step id="e2792e29-f389-4a32-af21-c576a907eff4">
      <annotation>84e43fec-3b3a-4221-9b7e-42c8eea2e5d1.e2792e29-f389-4a32-af21-c576a907eff4.description</annotation>
      <name>Path2</name>
      <bounds>
        <x>218.0</x>
        <y>179.0</y>
      </bounds>
      <layer>-1</layer>
      <hideInbound>false</hideInbound>
      <addResultToRunContext>false</addResultToRunContext>
      <isCriticalStep>false</isCriticalStep>
      <isNonBlocking>false</isNonBlocking>
      <isParallelStep>false</isParallelStep>
      <isSingleResponse>false</isSingleResponse>
      <recordInHistory>false</recordInHistory>
      <recordRawOutput>true</recordRawOutput>
      <recordPrimaryOutput>true</recordPrimaryOutput>
      <checkPointStep>true</checkPointStep>
      <historyCheckPointStep>true</historyCheckPointStep>
      <scriptResultStep>false</scriptResultStep>
      <userPrompt></userPrompt>
      <bindings>
        <staticBinding id="10a0528f-f577-4510-a30d-34b9f79a28b0">
          <annotation></annotation>
          <assignFromContext>false</assignFromContext>
          <assignToContext>false</assignToContext>
          <inputType>STRING</inputType>
          <isList>false</isList>
          <required>true</required>
          <isPersisted>true</isPersisted>
          <inputSymbol>message</inputSymbol>
          <listDelimiter>,</listDelimiter>
          <value>you selected path2.</value>
          <record>false</record>
        </staticBinding>
        <staticBinding id="e2757ef9-e23d-4cfe-bd29-0b7be8c2c67c">
          <annotation></annotation>
          <assignFromContext>false</assignFromContext>
          <assignToContext>false</assignToContext>
          <inputType>STRING</inputType>
          <isList>false</isList>
          <required>false</required>
          <isPersisted>true</isPersisted>
          <inputSymbol>title</inputSymbol>
          <listDelimiter>,</listDelimiter>
          <value>Status message</value>
          <record>false</record>
        </staticBinding>
      </bindings>
      <transitions>
        <transition id="bb7d4685-8a13-4736-9435-1979e7737d43">
          <annotation></annotation>
          <name>success</name>
          <command>NEXT</command>
          <linkMode>false</linkMode>
          <responseSymbol>success</responseSymbol>
          <shouldHandoff>false</shouldHandoff>
          <transitionValue>0.0</transitionValue>
          <destination>
            <refId>8762d7d4-5781-45e8-b832-1a7c2094fce6</refId>
          </destination>
          <source>
            <refId>e2792e29-f389-4a32-af21-c576a907eff4</refId>
          </source>
          <positions>
            <point>
              <x>268.0</x>
              <y>213.0</y>
            </point>
            <point>
              <x>451.0</x>
              <y>192.0</y>
            </point>
          </positions>
          <labelPosition>
            <x>333.0</x>
            <y>0.0</y>
          </labelPosition>
        </transition>
      </transitions>
      <properties/>
      <opRef>
        <refId>434e6fa2-26bc-4e84-9e1f-0aa6946cf920</refId>
      </opRef>
      <assignments/>
      <throttleSize>0</throttleSize>
    </step>
    <step id="a246fc9b-d290-48d8-a589-cfe1d689e2f9">
      <annotation>84e43fec-3b3a-4221-9b7e-42c8eea2e5d1.a246fc9b-d290-48d8-a589-cfe1d689e2f9.description</annotation>
      <name>Path3</name>
      <bounds>
        <x>223.0</x>
        <y>313.0</y>
      </bounds>
      <layer>-1</layer>
      <hideInbound>false</hideInbound>
      <addResultToRunContext>false</addResultToRunContext>
      <isCriticalStep>false</isCriticalStep>
      <isNonBlocking>false</isNonBlocking>
      <isParallelStep>false</isParallelStep>
      <isSingleResponse>false</isSingleResponse>
      <recordInHistory>false</recordInHistory>
      <recordRawOutput>true</recordRawOutput>
      <recordPrimaryOutput>true</recordPrimaryOutput>
      <checkPointStep>true</checkPointStep>
      <historyCheckPointStep>true</historyCheckPointStep>
      <scriptResultStep>false</scriptResultStep>
      <userPrompt></userPrompt>
      <bindings>
        <staticBinding id="b88a31fc-e5e1-4561-aaac-0918eec91a69">
          <annotation></annotation>
          <assignFromContext>false</assignFromContext>
          <assignToContext>false</assignToContext>
          <inputType>STRING</inputType>
          <isList>false</isList>
          <required>true</required>
          <isPersisted>true</isPersisted>
          <inputSymbol>message</inputSymbol>
          <listDelimiter>,</listDelimiter>
          <value>You selected Path3</value>
          <record>false</record>
        </staticBinding>
        <staticBinding id="66531b97-50ba-4675-979d-9257569f66cf">
          <annotation></annotation>
          <assignFromContext>false</assignFromContext>
          <assignToContext>false</assignToContext>
          <inputType>STRING</inputType>
          <isList>false</isList>
          <required>false</required>
          <isPersisted>true</isPersisted>
          <inputSymbol>title</inputSymbol>
          <listDelimiter>,</listDelimiter>
          <value>Status message</value>
          <record>false</record>
        </staticBinding>
      </bindings>
      <transitions>
        <transition id="2b6f7a5d-22a1-4fe6-9a8b-6d4abb1524e6">
          <annotation></annotation>
          <name>success</name>
          <command>NEXT</command>
          <linkMode>false</linkMode>
          <responseSymbol>success</responseSymbol>
          <shouldHandoff>false</shouldHandoff>
          <transitionValue>0.0</transitionValue>
          <destination>
            <refId>8762d7d4-5781-45e8-b832-1a7c2094fce6</refId>
          </destination>
          <source>
            <refId>a246fc9b-d290-48d8-a589-cfe1d689e2f9</refId>
          </source>
          <positions>
            <point>
              <x>273.0</x>
              <y>347.0</y>
            </point>
            <point>
              <x>451.0</x>
              <y>192.0</y>
            </point>
          </positions>
          <labelPosition>
            <x>333.0</x>
            <y>0.0</y>
          </labelPosition>
        </transition>
      </transitions>
      <properties/>
      <opRef>
        <refId>434e6fa2-26bc-4e84-9e1f-0aa6946cf920</refId>
      </opRef>
      <assignments/>
      <throttleSize>0</throttleSize>
    </step>
    <returnStep id="8762d7d4-5781-45e8-b832-1a7c2094fce6">
      <annotation></annotation>
      <name>Resolved : success</name>
      <bounds>
        <x>401.0</x>
        <y>175.0</y>
      </bounds>
      <layer>-1</layer>
      <hideInbound>false</hideInbound>
      <addResultToRunContext>false</addResultToRunContext>
      <isCriticalStep>false</isCriticalStep>
      <isNonBlocking>false</isNonBlocking>
      <isParallelStep>false</isParallelStep>
      <isSingleResponse>false</isSingleResponse>
      <recordInHistory>false</recordInHistory>
      <recordRawOutput>true</recordRawOutput>
      <recordPrimaryOutput>true</recordPrimaryOutput>
      <checkPointStep>true</checkPointStep>
      <historyCheckPointStep>true</historyCheckPointStep>
      <scriptResultStep>false</scriptResultStep>
      <userPrompt></userPrompt>
      <bindings/>
      <transitions>
        <transition id="6326efea-9617-4da8-8ce8-86142fe985be">
          <annotation></annotation>
          <name>return</name>
          <command>NEXT</command>
          <linkMode>false</linkMode>
          <responseSymbol>success</responseSymbol>
          <shouldHandoff>false</shouldHandoff>
          <transitionValue>0.0</transitionValue>
          <destination>
            <refId>8762d7d4-5781-45e8-b832-1a7c2094fce6</refId>
          </destination>
          <source>
            <refId>8762d7d4-5781-45e8-b832-1a7c2094fce6</refId>
          </source>
          <positions/>
        </transition>
      </transitions>
      <properties/>
      <returnStepType>RESOLVED</returnStepType>
      <assignments/>
    </returnStep>
  </steps>
  <startSteps>aaab9489-8967-4c44-a73e-774777d1a1ce</startSteps>
</flow>