<?xml version="1.0" encoding="UTF-8"?>
<flow id="578e6647-8424-40d6-903b-022e2590ad2d">
  <descriptionCdata><![CDATA[578e6647-8424-40d6-903b-022e2590ad2d.3d331f94-e7f9-449b-b8dd-9d141f9f7d40.prompt=You selected the ${Field_1}
578e6647-8424-40d6-903b-022e2590ad2d.3f275d57-fbfa-49ab-b504-f5fdc526e0fd.prompt=You selected the ${Field_1}
578e6647-8424-40d6-903b-022e2590ad2d.936c5080-1a3b-4545-8b0e-f6f61bcd22c7.description=<pre>\nThis operation does not do anything. It can be used to filter flow variables by defining them as inputs and filtering them in the Results tab.\n\nInputs\:\n    field1 \u2013 An optional input that can be used for filtering flow variables.\n    field2 \u2013 An optional input that can be used for filtering flow variables.\n    field3 \u2013 An optional input that can be used for filtering flow variables.\n    field4 \u2013 An optional input that can be used for filtering flow variables.\n\nResults\:\n    returnResult - This is the primary output. It contains the value of  "field1" as it was specified at input or when filtered. \n\nResponses\:\n    success - The operation completed as stated in the description.\n</pre>
578e6647-8424-40d6-903b-022e2590ad2d.dc8154dc-6310-415f-b559-931abb20283b.prompt=You selected the ${Field_1}
578e6647-8424-40d6-903b-022e2590ad2d.e359b4a9-e75a-43ec-8065-ca1e93dd0276.prompt=you selected ${Field1} response
578e6647-8424-40d6-903b-022e2590ad2d.f372d90d-2ed7-4ce8-a5c6-4e1b38080512.prompt=please select a response\:
]]></descriptionCdata>
  <annotation></annotation>
  <name>Select a Response</name>
  <categories/>
  <inputs>
    <userInputBinding id="f372d90d-2ed7-4ce8-a5c6-4e1b38080512">
      <annotation></annotation>
      <assignFromContext>true</assignFromContext>
      <assignToContext>false</assignToContext>
      <inputType>STRING</inputType>
      <isList>false</isList>
      <required>false</required>
      <isPersisted>true</isPersisted>
      <inputSymbol>Field_1</inputSymbol>
      <listDelimiter>,</listDelimiter>
      <record>false</record>
      <prompt>578e6647-8424-40d6-903b-022e2590ad2d.f372d90d-2ed7-4ce8-a5c6-4e1b38080512.prompt</prompt>
      <isMultiSelect>false</isMultiSelect>
      <link>
        <refId>94f4d3d1-b92a-433e-8194-c80ab7641151</refId>
        <refName>Responses-all</refName>
      </link>
      <sourceDelimiter>|</sourceDelimiter>
    </userInputBinding>
  </inputs>
  <possibleResponses>
    <opResponse id="a9f3fec3-cfe0-4ae2-9137-f62dec46c864">
      <annotation></annotation>
      <name>success</name>
      <isDefault>true</isDefault>
      <onFailure>false</onFailure>
      <type>RESOLVED</type>
      <matchRules/>
    </opResponse>
    <opResponse id="1a0a3d62-21de-40cf-b3e2-2905e4cfb5e6">
      <annotation></annotation>
      <name>diagnosed</name>
      <isDefault>false</isDefault>
      <onFailure>false</onFailure>
      <type>DIAGNOSED</type>
      <matchRules/>
    </opResponse>
    <opResponse id="ddf68f27-ec26-44e7-917b-f5c4cbe7a697">
      <annotation></annotation>
      <name>unknown</name>
      <isDefault>false</isDefault>
      <onFailure>false</onFailure>
      <type>NO_ACTION_TAKEN</type>
      <matchRules/>
    </opResponse>
    <opResponse id="ededa96c-ca79-4a5d-ad92-6c0cd26fd5aa">
      <annotation></annotation>
      <name>failure</name>
      <isDefault>false</isDefault>
      <onFailure>true</onFailure>
      <type>ERROR</type>
      <matchRules/>
    </opResponse>
  </possibleResponses>
  <availableResultExpressions/>
  <resultExpression id="ef925a38-281f-45f5-ab42-313c96f679dd">
    <annotation></annotation>
    <name>TimedOut</name>
    <fieldName>TimedOut</fieldName>
    <sourceType>RAWRESULT</sourceType>
    <filters/>
  </resultExpression>
  <iconSpec id="9ab8d343-f4b0-4e55-82b3-55448715ea8d">
    <baseIcon>flow.png</baseIcon>
    <basePath>System</basePath>
    <readOnly>false</readOnly>
    <layers/>
  </iconSpec>
  <callouts/>
  <checkPointFlow>true</checkPointFlow>
  <compatibleRuntimeContext>false</compatibleRuntimeContext>
  <historyCheckPointFlow>true</historyCheckPointFlow>
  <steps>
    <step id="936c5080-1a3b-4545-8b0e-f6f61bcd22c7">
      <annotation>578e6647-8424-40d6-903b-022e2590ad2d.936c5080-1a3b-4545-8b0e-f6f61bcd22c7.description</annotation>
      <name>Responses</name>
      <bounds>
        <x>182.0</x>
        <y>154.0</y>
      </bounds>
      <layer>-1</layer>
      <hideInbound>false</hideInbound>
      <addResultToRunContext>false</addResultToRunContext>
      <isCriticalStep>false</isCriticalStep>
      <isNonBlocking>false</isNonBlocking>
      <isParallelStep>false</isParallelStep>
      <isSingleResponse>false</isSingleResponse>
      <recordInHistory>false</recordInHistory>
      <recordRawOutput>true</recordRawOutput>
      <recordPrimaryOutput>true</recordPrimaryOutput>
      <checkPointStep>true</checkPointStep>
      <historyCheckPointStep>true</historyCheckPointStep>
      <scriptResultStep>false</scriptResultStep>
      <userPrompt></userPrompt>
      <bindings>
        <staticBinding id="4423af2f-f2c1-43af-9893-82110b6c59f6">
          <annotation></annotation>
          <assignFromContext>false</assignFromContext>
          <assignToContext>false</assignToContext>
          <inputType>STRING</inputType>
          <isList>false</isList>
          <required>false</required>
          <isPersisted>true</isPersisted>
          <inputSymbol>field1</inputSymbol>
          <listDelimiter>,</listDelimiter>
          <record>false</record>
        </staticBinding>
        <staticBinding id="bc46602a-3ab0-45ad-af51-6947e4a0b8be">
          <annotation></annotation>
          <assignFromContext>false</assignFromContext>
          <assignToContext>false</assignToContext>
          <inputType>STRING</inputType>
          <isList>false</isList>
          <required>false</required>
          <isPersisted>true</isPersisted>
          <inputSymbol>field2</inputSymbol>
          <listDelimiter>,</listDelimiter>
          <record>false</record>
        </staticBinding>
        <staticBinding id="49f9346d-804c-4e72-918f-c8710819ae38">
          <annotation></annotation>
          <assignFromContext>false</assignFromContext>
          <assignToContext>false</assignToContext>
          <inputType>STRING</inputType>
          <isList>false</isList>
          <required>false</required>
          <isPersisted>true</isPersisted>
          <inputSymbol>field3</inputSymbol>
          <listDelimiter>,</listDelimiter>
          <record>false</record>
        </staticBinding>
        <staticBinding id="c2ef3d20-fa71-4c2a-a808-ee48e848b846">
          <annotation></annotation>
          <assignFromContext>false</assignFromContext>
          <assignToContext>false</assignToContext>
          <inputType>STRING</inputType>
          <isList>false</isList>
          <required>false</required>
          <isPersisted>true</isPersisted>
          <inputSymbol>field4</inputSymbol>
          <listDelimiter>,</listDelimiter>
          <record>false</record>
        </staticBinding>
      </bindings>
      <transitions>
        <transition id="362e4b43-2933-47b1-ad86-fbeb495cdbd7">
          <annotation></annotation>
          <name>diagnosed</name>
          <command>NEXT</command>
          <linkMode>false</linkMode>
          <responseSymbol>diagnosed</responseSymbol>
          <shouldHandoff>false</shouldHandoff>
          <transitionValue>0.0</transitionValue>
          <destination>
            <refId>3f275d57-fbfa-49ab-b504-f5fdc526e0fd</refId>
          </destination>
          <source>
            <refId>936c5080-1a3b-4545-8b0e-f6f61bcd22c7</refId>
          </source>
          <positions>
            <point>
              <x>243.0</x>
              <y>82.0</y>
            </point>
            <point>
              <x>394.0</x>
              <y>34.0</y>
            </point>
          </positions>
          <labelPosition>
            <x>333.0</x>
            <y>0.0</y>
          </labelPosition>
        </transition>
        <transition id="e84fbdf5-4471-4df2-997c-83788535b425">
          <annotation></annotation>
          <name>failure</name>
          <command>NEXT</command>
          <linkMode>false</linkMode>
          <responseSymbol>failure</responseSymbol>
          <shouldHandoff>false</shouldHandoff>
          <transitionValue>0.0</transitionValue>
          <destination>
            <refId>3d331f94-e7f9-449b-b8dd-9d141f9f7d40</refId>
          </destination>
          <source>
            <refId>936c5080-1a3b-4545-8b0e-f6f61bcd22c7</refId>
          </source>
          <positions>
            <point>
              <x>243.0</x>
              <y>82.0</y>
            </point>
            <point>
              <x>396.0</x>
              <y>399.0</y>
            </point>
          </positions>
          <labelPosition>
            <x>333.0</x>
            <y>0.0</y>
          </labelPosition>
        </transition>
        <transition id="c4db75b3-66f0-4af7-9223-215a5d3de18a">
          <annotation></annotation>
          <name>success</name>
          <command>NEXT</command>
          <linkMode>false</linkMode>
          <responseSymbol>success</responseSymbol>
          <shouldHandoff>false</shouldHandoff>
          <transitionValue>0.0</transitionValue>
          <destination>
            <refId>e359b4a9-e75a-43ec-8065-ca1e93dd0276</refId>
          </destination>
          <source>
            <refId>936c5080-1a3b-4545-8b0e-f6f61bcd22c7</refId>
          </source>
          <positions>
            <point>
              <x>243.0</x>
              <y>82.0</y>
            </point>
            <point>
              <x>404.0</x>
              <y>142.0</y>
            </point>
          </positions>
          <labelPosition>
            <x>333.0</x>
            <y>0.0</y>
          </labelPosition>
        </transition>
        <transition id="618efceb-319e-418a-9c1c-399b15016657">
          <annotation></annotation>
          <name>noaction</name>
          <command>NEXT</command>
          <linkMode>false</linkMode>
          <responseSymbol>noaction</responseSymbol>
          <shouldHandoff>false</shouldHandoff>
          <transitionValue>0.0</transitionValue>
          <destination>
            <refId>dc8154dc-6310-415f-b559-931abb20283b</refId>
          </destination>
          <source>
            <refId>936c5080-1a3b-4545-8b0e-f6f61bcd22c7</refId>
          </source>
          <positions>
            <point>
              <x>243.0</x>
              <y>82.0</y>
            </point>
            <point>
              <x>404.0</x>
              <y>261.0</y>
            </point>
          </positions>
          <labelPosition>
            <x>333.0</x>
            <y>0.0</y>
          </labelPosition>
        </transition>
      </transitions>
      <properties/>
      <opRef>
        <refId>174f4e41-be61-415e-b112-6b5203fcea32</refId>
      </opRef>
      <assignments/>
      <throttleSize>0</throttleSize>
    </step>
    <returnStep id="e359b4a9-e75a-43ec-8065-ca1e93dd0276">
      <annotation></annotation>
      <name>Resolved : success</name>
      <bounds>
        <x>347.0</x>
        <y>108.0</y>
      </bounds>
      <layer>-1</layer>
      <hideInbound>false</hideInbound>
      <addResultToRunContext>false</addResultToRunContext>
      <isCriticalStep>true</isCriticalStep>
      <isNonBlocking>false</isNonBlocking>
      <isParallelStep>false</isParallelStep>
      <isSingleResponse>false</isSingleResponse>
      <recordInHistory>false</recordInHistory>
      <recordRawOutput>true</recordRawOutput>
      <recordPrimaryOutput>true</recordPrimaryOutput>
      <checkPointStep>true</checkPointStep>
      <historyCheckPointStep>true</historyCheckPointStep>
      <scriptResultStep>false</scriptResultStep>
      <userPrompt>578e6647-8424-40d6-903b-022e2590ad2d.e359b4a9-e75a-43ec-8065-ca1e93dd0276.prompt</userPrompt>
      <bindings/>
      <transitions>
        <transition id="7a1daeb6-34a7-4460-8270-420028a235bc">
          <annotation></annotation>
          <name>return</name>
          <command>NEXT</command>
          <linkMode>false</linkMode>
          <responseSymbol>success</responseSymbol>
          <shouldHandoff>false</shouldHandoff>
          <transitionValue>0.0</transitionValue>
          <destination>
            <refId>e359b4a9-e75a-43ec-8065-ca1e93dd0276</refId>
          </destination>
          <source>
            <refId>e359b4a9-e75a-43ec-8065-ca1e93dd0276</refId>
          </source>
          <positions/>
        </transition>
      </transitions>
      <properties>
        <entry>
          <key>Prompt Title</key>
          <modelValue id="6458b55b-9d8d-4b15-8e02-fe3658323eb1">
            <doubleValue>0.0</doubleValue>
            <stringValue>Message</stringValue>
            <encrypted>false</encrypted>
            <type>9</type>
          </modelValue>
        </entry>
      </properties>
      <returnStepType>RESOLVED</returnStepType>
      <assignments/>
    </returnStep>
    <returnStep id="3f275d57-fbfa-49ab-b504-f5fdc526e0fd">
      <annotation></annotation>
      <name>Diagnosed : diagnosed</name>
      <bounds>
        <x>344.0</x>
        <y>0.0</y>
      </bounds>
      <layer>-1</layer>
      <hideInbound>false</hideInbound>
      <addResultToRunContext>false</addResultToRunContext>
      <isCriticalStep>true</isCriticalStep>
      <isNonBlocking>false</isNonBlocking>
      <isParallelStep>false</isParallelStep>
      <isSingleResponse>false</isSingleResponse>
      <recordInHistory>false</recordInHistory>
      <recordRawOutput>true</recordRawOutput>
      <recordPrimaryOutput>true</recordPrimaryOutput>
      <checkPointStep>true</checkPointStep>
      <historyCheckPointStep>true</historyCheckPointStep>
      <scriptResultStep>false</scriptResultStep>
      <userPrompt>578e6647-8424-40d6-903b-022e2590ad2d.3f275d57-fbfa-49ab-b504-f5fdc526e0fd.prompt</userPrompt>
      <bindings/>
      <transitions>
        <transition id="5ceb329d-91e0-444c-a7f1-a494f2a5e886">
          <annotation></annotation>
          <name>return</name>
          <command>NEXT</command>
          <linkMode>false</linkMode>
          <responseSymbol>diagnosed</responseSymbol>
          <shouldHandoff>false</shouldHandoff>
          <transitionValue>0.0</transitionValue>
          <destination>
            <refId>3f275d57-fbfa-49ab-b504-f5fdc526e0fd</refId>
          </destination>
          <source>
            <refId>3f275d57-fbfa-49ab-b504-f5fdc526e0fd</refId>
          </source>
          <positions/>
        </transition>
      </transitions>
      <properties>
        <entry>
          <key>Prompt Title</key>
          <modelValue id="ef28b131-4915-4977-93d3-4ebbcf188628">
            <doubleValue>0.0</doubleValue>
            <stringValue>Message</stringValue>
            <encrypted>false</encrypted>
            <type>9</type>
          </modelValue>
        </entry>
      </properties>
      <returnStepType>DIAGNOSED</returnStepType>
      <assignments/>
    </returnStep>
    <returnStep id="dc8154dc-6310-415f-b559-931abb20283b">
      <annotation></annotation>
      <name>No Action Taken : unknown</name>
      <bounds>
        <x>348.0</x>
        <y>227.0</y>
      </bounds>
      <layer>-1</layer>
      <hideInbound>false</hideInbound>
      <addResultToRunContext>false</addResultToRunContext>
      <isCriticalStep>true</isCriticalStep>
      <isNonBlocking>false</isNonBlocking>
      <isParallelStep>false</isParallelStep>
      <isSingleResponse>false</isSingleResponse>
      <recordInHistory>false</recordInHistory>
      <recordRawOutput>true</recordRawOutput>
      <recordPrimaryOutput>true</recordPrimaryOutput>
      <checkPointStep>true</checkPointStep>
      <historyCheckPointStep>true</historyCheckPointStep>
      <scriptResultStep>false</scriptResultStep>
      <userPrompt>578e6647-8424-40d6-903b-022e2590ad2d.dc8154dc-6310-415f-b559-931abb20283b.prompt</userPrompt>
      <bindings/>
      <transitions>
        <transition id="c14d8871-4e18-4291-b2cc-b8225bebba98">
          <annotation></annotation>
          <name>return</name>
          <command>NEXT</command>
          <linkMode>false</linkMode>
          <responseSymbol>unknown</responseSymbol>
          <shouldHandoff>false</shouldHandoff>
          <transitionValue>0.0</transitionValue>
          <destination>
            <refId>dc8154dc-6310-415f-b559-931abb20283b</refId>
          </destination>
          <source>
            <refId>dc8154dc-6310-415f-b559-931abb20283b</refId>
          </source>
          <positions/>
        </transition>
      </transitions>
      <properties>
        <entry>
          <key>Prompt Title</key>
          <modelValue id="dc15a475-c248-4007-9ed5-630287218591">
            <doubleValue>0.0</doubleValue>
            <stringValue>Message</stringValue>
            <encrypted>false</encrypted>
            <type>9</type>
          </modelValue>
        </entry>
      </properties>
      <returnStepType>NO_ACTION_TAKEN</returnStepType>
      <assignments/>
    </returnStep>
    <returnStep id="3d331f94-e7f9-449b-b8dd-9d141f9f7d40">
      <annotation></annotation>
      <name>Error : failure</name>
      <bounds>
        <x>346.0</x>
        <y>365.0</y>
      </bounds>
      <layer>-1</layer>
      <hideInbound>false</hideInbound>
      <addResultToRunContext>false</addResultToRunContext>
      <isCriticalStep>true</isCriticalStep>
      <isNonBlocking>false</isNonBlocking>
      <isParallelStep>false</isParallelStep>
      <isSingleResponse>false</isSingleResponse>
      <recordInHistory>false</recordInHistory>
      <recordRawOutput>true</recordRawOutput>
      <recordPrimaryOutput>true</recordPrimaryOutput>
      <checkPointStep>true</checkPointStep>
      <historyCheckPointStep>true</historyCheckPointStep>
      <scriptResultStep>false</scriptResultStep>
      <userPrompt>578e6647-8424-40d6-903b-022e2590ad2d.3d331f94-e7f9-449b-b8dd-9d141f9f7d40.prompt</userPrompt>
      <bindings/>
      <transitions>
        <transition id="a61d8060-7e78-448d-a10e-8a6c09894317">
          <annotation></annotation>
          <name>return</name>
          <command>NEXT</command>
          <linkMode>false</linkMode>
          <responseSymbol>failure</responseSymbol>
          <shouldHandoff>false</shouldHandoff>
          <transitionValue>0.0</transitionValue>
          <destination>
            <refId>3d331f94-e7f9-449b-b8dd-9d141f9f7d40</refId>
          </destination>
          <source>
            <refId>3d331f94-e7f9-449b-b8dd-9d141f9f7d40</refId>
          </source>
          <positions/>
        </transition>
      </transitions>
      <properties>
        <entry>
          <key>Prompt Title</key>
          <modelValue id="a067c181-092d-4fc8-b9ad-3f7748ca9983">
            <doubleValue>0.0</doubleValue>
            <stringValue>Message</stringValue>
            <encrypted>false</encrypted>
            <type>9</type>
          </modelValue>
        </entry>
      </properties>
      <returnStepType>ERROR</returnStepType>
      <assignments/>
    </returnStep>
  </steps>
  <startSteps>936c5080-1a3b-4545-8b0e-f6f61bcd22c7</startSteps>
</flow>