<?xml version="1.0" encoding="UTF-8"?>
<flow id="c19841bf-34b2-4584-8126-3e38b8e5c01d">
  <descriptionCdata><![CDATA[c19841bf-34b2-4584-8126-3e38b8e5c01d.1530c6c2-eecf-4262-913c-5b9309236b71.description=<pre>\nThis operation does not do anything. It can be used to filter flow variables by defining them as inputs and filtering them in the Results tab.\n\nInputs\:\n    field1 \u2013 An optional input that can be used for filtering flow variables.\n    field2 \u2013 An optional input that can be used for filtering flow variables.\n    field3 \u2013 An optional input that can be used for filtering flow variables.\n    field4 \u2013 An optional input that can be used for filtering flow variables.\n\nResults\:\n    returnResult - This is the primary output. It contains the value of  "field1" as it was specified at input or when filtered. \n\nResponses\:\n    success - The operation completed as stated in the description.\n</pre>
c19841bf-34b2-4584-8126-3e38b8e5c01d.3eede5fd-eea6-4e9e-a3de-bb08a79ff29b.prompt=Enter a shell command\:
c19841bf-34b2-4584-8126-3e38b8e5c01d.5d6f5107-9b9e-46a3-9e29-2e2ed2b7c7a6.description=<pre>\nThis operation executes a command from the command line of a remote RAS. \nWhen running on Unix, you cannot determine the type of shell to be used (sh, bash, ksh, csh, etc), so make sure to include the shell in your command if you want to perform operations such as file redirection.  \nExample\: sh -c "ls -lha /etc > /tmp/myfile".\n\nWhen running on Windows, this command  prepends "cmd.exe /C" or "command.exe /C" to the command you specify, so there is no need to pass this information to the operation.\n\nInputs\:\n    command - The command to execute.\n    arguments - Any arguments needed for the command.\n    environment - Specifies environment variables/values that need to be defined when running the command.\n    path - The path to the commands executable.\n    cmd_timeout - Timeout in milliseconds before the command is considered as having failed when "returnImmediately" is false.\nDefault value\: 100000 (100 seconds).\n    returnImmediately - If "true", the operation executes the command and returns a result immediately.  It does not wait for the command to finish.\nValid values\: true, false.\nDefault value\: false.\n\nResults\:\n    STDOUT - The standard output of the command.\n    STDERR - The standard error output of the command.\n    exitStatus - Every command returns an exit status (sometimes referred to as a return status or exit code). A successful command returns 0, while an unsuccessful one returns a non-zero value that usually can be interpreted as an error code.\n\nResponses\:\n    success - The operation completed as stated in the description.\n    failure - The operation completed unsuccessfully.\n\n\nExample\:\n   This is a valid input example for executing a "ping" command from a Windows machine\:\n    command\: ping\n    arguments\: example.server.com\n</pre>
c19841bf-34b2-4584-8126-3e38b8e5c01d.7a20845e-6fc3-43d7-bca1-98cfa9241477.description=<pre>\n\nDisplays a message to the user.\n\nInputs\:\n  message - The message text to display\n  title - The title on the message window. Defaults to "Status message".\n\nResponses\:\n  Always returns success.\n\nExamples\:\n  In order to display the message "Finished" to the user, go to the \n  detail screen for the input named "message" and change the Otherwise option\n  from Prompt User to Use Constant.  Then enter the text "Finished" into the\n  Constant Value field.\n\n  References to flow variables in the Contant Value field are expanded so that\n  the text may be dynamic.  Flow variable references are of the form\n  ${variable}.  For example, the text\:\n     ${count} systems were modified \n  could be used to display a message about the number of systems that were\n  repaired, whose value is in the flow variable "count".\n\n  When the message is displayed, it will properly render any embedded html\n  tags, which permits creating messages with more advanced formatting.  For \n  example to display a message in italics you could use\:\n    <i>This is important</i>\n  or to display a message in red\:\n    <i>This is <span style\="color\: red">really </span> important</i>\n\n  You can create messages that contain multiple lines by entering a multiple\n  line message in the Constant Value field, or by using HTML <BR> tags for line\n  breaks.  Note that \\n characters are displayed literally and are not used for\n  creating multiple lines.\n\n</pre>\n
c19841bf-34b2-4584-8126-3e38b8e5c01d.cca35945-7b7f-4fa5-8c85-f158da0243ce.prompt=Enter a shell command\:
c19841bf-34b2-4584-8126-3e38b8e5c01d.d209adfe-b656-4249-a541-9953e392f40d.description=<pre>\nThis operation executes a command from the command line of a remote RAS. \nWhen running on Unix, you cannot determine the type of shell to be used (sh, bash, ksh, csh, etc), so make sure to include the shell in your command if you want to perform operations such as file redirection.  \nExample\: sh -c "ls -lha /etc > /tmp/myfile".\n\nWhen running on Windows, this command  prepends "cmd.exe /C" or "command.exe /C" to the command you specify, so there is no need to pass this information to the operation.\n\nInputs\:\n    command - The command to execute.\n    arguments - Any arguments needed for the command.\n    environment - Specifies environment variables/values that need to be defined when running the command.\n    path - The path to the commands executable.\n    cmd_timeout - Timeout in milliseconds before the command is considered as having failed when "returnImmediately" is false.\nDefault value\: 100000 (100 seconds).\n    returnImmediately - If "true", the operation executes the command and returns a result immediately.  It does not wait for the command to finish.\nValid values\: true, false.\nDefault value\: false.\n\nResults\:\n    STDOUT - The standard output of the command.\n    STDERR - The standard error output of the command.\n    exitStatus - Every command returns an exit status (sometimes referred to as a return status or exit code). A successful command returns 0, while an unsuccessful one returns a non-zero value that usually can be interpreted as an error code.\n\nResponses\:\n    success - The operation completed as stated in the description.\n    failure - The operation completed unsuccessfully.\n\n\nExample\:\n   This is a valid input example for executing a "ping" command from a Windows machine\:\n    command\: ping\n    arguments\: example.server.com\n</pre>
]]></descriptionCdata>
  <annotation></annotation>
  <name>09 Parallel Processing</name>
  <categories/>
  <inputs/>
  <possibleResponses>
    <opResponse id="1867e53e-07be-4692-8323-43e7c90e7f8f">
      <annotation></annotation>
      <name>success</name>
      <isDefault>true</isDefault>
      <onFailure>false</onFailure>
      <type>RESOLVED</type>
      <matchRules/>
    </opResponse>
  </possibleResponses>
  <availableResultExpressions/>
  <resultExpression id="acf72084-c09d-4a4a-ae89-74c29319cfaa">
    <annotation></annotation>
    <name>FailureMessage</name>
    <fieldName>FailureMessage</fieldName>
    <sourceType>RAWRESULT</sourceType>
    <filters/>
  </resultExpression>
  <iconSpec id="97099afb-5b00-4850-998b-59d7f69918b1">
    <baseIcon>flow.png</baseIcon>
    <basePath>System</basePath>
    <readOnly>false</readOnly>
    <layers/>
  </iconSpec>
  <callouts/>
  <checkPointFlow>true</checkPointFlow>
  <compatibleRuntimeContext>false</compatibleRuntimeContext>
  <historyCheckPointFlow>true</historyCheckPointFlow>
  <steps>
    <step id="1530c6c2-eecf-4262-913c-5b9309236b71">
      <annotation>c19841bf-34b2-4584-8126-3e38b8e5c01d.1530c6c2-eecf-4262-913c-5b9309236b71.description</annotation>
      <name>Enter Command</name>
      <bounds>
        <x>95.0</x>
        <y>202.0</y>
      </bounds>
      <layer>-1</layer>
      <hideInbound>false</hideInbound>
      <addResultToRunContext>false</addResultToRunContext>
      <isCriticalStep>false</isCriticalStep>
      <isNonBlocking>false</isNonBlocking>
      <isParallelStep>false</isParallelStep>
      <isSingleResponse>false</isSingleResponse>
      <recordInHistory>false</recordInHistory>
      <recordRawOutput>true</recordRawOutput>
      <recordPrimaryOutput>true</recordPrimaryOutput>
      <checkPointStep>true</checkPointStep>
      <historyCheckPointStep>true</historyCheckPointStep>
      <scriptResultStep>false</scriptResultStep>
      <userPrompt></userPrompt>
      <bindings>
        <userInputBinding id="cca35945-7b7f-4fa5-8c85-f158da0243ce">
          <annotation></annotation>
          <assignFromContext>false</assignFromContext>
          <assignToContext>true</assignToContext>
          <inputType>STRING</inputType>
          <isList>false</isList>
          <required>false</required>
          <isPersisted>true</isPersisted>
          <inputSymbol>field1</inputSymbol>
          <listDelimiter>,</listDelimiter>
          <record>false</record>
          <prompt>c19841bf-34b2-4584-8126-3e38b8e5c01d.cca35945-7b7f-4fa5-8c85-f158da0243ce.prompt</prompt>
          <isMultiSelect>false</isMultiSelect>
          <sourceDelimiter>|</sourceDelimiter>
        </userInputBinding>
        <userInputBinding id="3eede5fd-eea6-4e9e-a3de-bb08a79ff29b">
          <annotation></annotation>
          <assignFromContext>false</assignFromContext>
          <assignToContext>true</assignToContext>
          <inputType>STRING</inputType>
          <isList>false</isList>
          <required>false</required>
          <isPersisted>true</isPersisted>
          <inputSymbol>field2</inputSymbol>
          <listDelimiter>,</listDelimiter>
          <record>false</record>
          <prompt>c19841bf-34b2-4584-8126-3e38b8e5c01d.3eede5fd-eea6-4e9e-a3de-bb08a79ff29b.prompt</prompt>
          <isMultiSelect>false</isMultiSelect>
          <sourceDelimiter>|</sourceDelimiter>
        </userInputBinding>
      </bindings>
      <transitions>
        <transition id="4e5db7f7-3f3e-4b6f-9d04-812d5f44343d">
          <annotation></annotation>
          <name>success</name>
          <command>NEXT</command>
          <linkMode>false</linkMode>
          <responseSymbol>success</responseSymbol>
          <shouldHandoff>false</shouldHandoff>
          <transitionValue>0.0</transitionValue>
          <destination>
            <refId>4c9c9eb1-0530-42db-b539-5761e0cd8bcc</refId>
          </destination>
          <source>
            <refId>1530c6c2-eecf-4262-913c-5b9309236b71</refId>
          </source>
          <positions>
            <point>
              <x>145.0</x>
              <y>236.0</y>
            </point>
            <point>
              <x>361.0</x>
              <y>162.0</y>
            </point>
          </positions>
          <labelPosition>
            <x>333.0</x>
            <y>0.0</y>
          </labelPosition>
        </transition>
      </transitions>
      <properties/>
      <opRef>
        <refId>ddd79f22-8b1e-4605-88d5-d912bb2da2b9</refId>
      </opRef>
      <assignments/>
      <throttleSize>0</throttleSize>
    </step>
    <parallelMultiStep id="4c9c9eb1-0530-42db-b539-5761e0cd8bcc">
      <annotation></annotation>
      <name>Parallel Split</name>
      <bounds>
        <x>304.0</x>
        <y>69.0</y>
      </bounds>
      <layer>-1</layer>
      <hideInbound>false</hideInbound>
      <addResultToRunContext>false</addResultToRunContext>
      <isCriticalStep>false</isCriticalStep>
      <isNonBlocking>false</isNonBlocking>
      <isParallelStep>false</isParallelStep>
      <isSingleResponse>true</isSingleResponse>
      <recordInHistory>false</recordInHistory>
      <recordRawOutput>true</recordRawOutput>
      <recordPrimaryOutput>true</recordPrimaryOutput>
      <checkPointStep>true</checkPointStep>
      <historyCheckPointStep>true</historyCheckPointStep>
      <scriptResultStep>false</scriptResultStep>
      <userPrompt></userPrompt>
      <bindings/>
      <transitions>
        <transition id="e5049f05-85cb-4155-a680-de4ec64bd848">
          <annotation></annotation>
          <name>done</name>
          <command>NEXT</command>
          <linkMode>false</linkMode>
          <responseSymbol>done</responseSymbol>
          <shouldHandoff>false</shouldHandoff>
          <transitionValue>0.0</transitionValue>
          <destination>
            <refId>7a20845e-6fc3-43d7-bca1-98cfa9241477</refId>
          </destination>
          <source>
            <refId>4c9c9eb1-0530-42db-b539-5761e0cd8bcc</refId>
          </source>
          <positions>
            <point>
              <x>361.0</x>
              <y>34.0</y>
            </point>
            <point>
              <x>763.0</x>
              <y>137.0</y>
            </point>
          </positions>
          <labelPosition>
            <x>333.0</x>
            <y>0.0</y>
          </labelPosition>
        </transition>
      </transitions>
      <properties/>
      <doneResponse>
        <refId>3c25e0c1-cbfa-4c58-92d9-2f1ac914aef9</refId>
      </doneResponse>
      <steps>
        <step id="d209adfe-b656-4249-a541-9953e392f40d">
          <annotation>c19841bf-34b2-4584-8126-3e38b8e5c01d.d209adfe-b656-4249-a541-9953e392f40d.description</annotation>
          <name>RAS Command</name>
          <bounds>
            <x>463.0</x>
            <y>119.0</y>
          </bounds>
          <layer>-1</layer>
          <hideInbound>false</hideInbound>
          <addResultToRunContext>false</addResultToRunContext>
          <isCriticalStep>false</isCriticalStep>
          <isNonBlocking>false</isNonBlocking>
          <isParallelStep>false</isParallelStep>
          <isSingleResponse>false</isSingleResponse>
          <recordInHistory>false</recordInHistory>
          <recordRawOutput>true</recordRawOutput>
          <recordPrimaryOutput>true</recordPrimaryOutput>
          <checkPointStep>true</checkPointStep>
          <historyCheckPointStep>true</historyCheckPointStep>
          <scriptResultStep>false</scriptResultStep>
          <userPrompt></userPrompt>
          <bindings>
            <userInputBinding id="1bb4f1ac-9c76-4468-b83f-cd0c6f99851d">
              <annotation></annotation>
              <fromContextKey>field1</fromContextKey>
              <assignFromContext>true</assignFromContext>
              <assignToContext>false</assignToContext>
              <inputType>STRING</inputType>
              <isList>false</isList>
              <required>true</required>
              <isPersisted>true</isPersisted>
              <inputSymbol>command</inputSymbol>
              <listDelimiter>,</listDelimiter>
              <record>false</record>
              <prompt></prompt>
              <isMultiSelect>false</isMultiSelect>
              <sourceDelimiter>|</sourceDelimiter>
            </userInputBinding>
          </bindings>
          <transitions>
            <transition id="7cb8c594-93fb-4821-9837-f402110db211">
              <annotation></annotation>
              <name>success</name>
              <command>NEXT</command>
              <linkMode>false</linkMode>
              <responseSymbol>success</responseSymbol>
              <shouldHandoff>false</shouldHandoff>
              <transitionValue>0.0</transitionValue>
              <destination>
                <refId>3c25e0c1-cbfa-4c58-92d9-2f1ac914aef9</refId>
              </destination>
              <source>
                <refId>d209adfe-b656-4249-a541-9953e392f40d</refId>
              </source>
              <positions>
                <point>
                  <x>536.0</x>
                  <y>60.0</y>
                </point>
                <point>
                  <x>651.0</x>
                  <y>100.0</y>
                </point>
              </positions>
              <labelPosition>
                <x>333.0</x>
                <y>0.0</y>
              </labelPosition>
            </transition>
            <transition id="768d572b-56cd-47c8-81b9-4b0aedd7335f">
              <annotation></annotation>
              <name>failure</name>
              <command>NEXT</command>
              <linkMode>false</linkMode>
              <responseSymbol>failure</responseSymbol>
              <shouldHandoff>false</shouldHandoff>
              <transitionValue>0.0</transitionValue>
              <destination>
                <refId>3c25e0c1-cbfa-4c58-92d9-2f1ac914aef9</refId>
              </destination>
              <source>
                <refId>d209adfe-b656-4249-a541-9953e392f40d</refId>
              </source>
              <positions>
                <point>
                  <x>529.0</x>
                  <y>129.0</y>
                </point>
                <point>
                  <x>593.8828234259013</x>
                  <y>125.09881757882239</y>
                </point>
                <point>
                  <x>595.5432078211622</x>
                  <y>125.67634258586965</y>
                </point>
                <point>
                  <x>644.0</x>
                  <y>169.0</y>
                </point>
              </positions>
              <labelPosition>
                <x>333.0</x>
                <y>0.0</y>
              </labelPosition>
            </transition>
          </transitions>
          <properties/>
          <opRef>
            <refId>83f5483f-8b4f-42c3-bfbb-b68a8d320fb3</refId>
          </opRef>
          <assignments>
            <flowVariableAssignment id="8206225c-c83f-48aa-827e-5fccce9a86a1">
              <annotation></annotation>
              <name>assignment</name>
              <action>OVERWRITE</action>
              <assignmentTargetType>FLOW_VARIABLE</assignmentTargetType>
              <contextKey>stdOut1</contextKey>
              <expression id="75fa83e4-df03-4a78-a6b7-822b0687e798">
                <annotation></annotation>
                <name>Result Field: STDOUT</name>
                <fieldName>STDOUT</fieldName>
                <sourceType>RAWRESULT</sourceType>
                <filters/>
              </expression>
            </flowVariableAssignment>
          </assignments>
          <throttleSize>0</throttleSize>
        </step>
        <step id="5d6f5107-9b9e-46a3-9e29-2e2ed2b7c7a6">
          <annotation>c19841bf-34b2-4584-8126-3e38b8e5c01d.5d6f5107-9b9e-46a3-9e29-2e2ed2b7c7a6.description</annotation>
          <name>RAS Command</name>
          <bounds>
            <x>460.0</x>
            <y>266.0</y>
          </bounds>
          <layer>-1</layer>
          <hideInbound>false</hideInbound>
          <addResultToRunContext>false</addResultToRunContext>
          <isCriticalStep>false</isCriticalStep>
          <isNonBlocking>false</isNonBlocking>
          <isParallelStep>false</isParallelStep>
          <isSingleResponse>false</isSingleResponse>
          <recordInHistory>false</recordInHistory>
          <recordRawOutput>true</recordRawOutput>
          <recordPrimaryOutput>true</recordPrimaryOutput>
          <checkPointStep>true</checkPointStep>
          <historyCheckPointStep>true</historyCheckPointStep>
          <scriptResultStep>false</scriptResultStep>
          <userPrompt></userPrompt>
          <bindings>
            <userInputBinding id="9a476f79-b509-4475-8f39-c4cfaf75f9b9">
              <annotation></annotation>
              <fromContextKey>field2</fromContextKey>
              <assignFromContext>true</assignFromContext>
              <assignToContext>false</assignToContext>
              <inputType>STRING</inputType>
              <isList>false</isList>
              <required>true</required>
              <isPersisted>true</isPersisted>
              <inputSymbol>command</inputSymbol>
              <listDelimiter>,</listDelimiter>
              <record>false</record>
              <prompt></prompt>
              <isMultiSelect>false</isMultiSelect>
              <sourceDelimiter>|</sourceDelimiter>
            </userInputBinding>
          </bindings>
          <transitions>
            <transition id="9e31a496-d661-46f2-b0d2-af90271254f5">
              <annotation></annotation>
              <name>success</name>
              <command>NEXT</command>
              <linkMode>false</linkMode>
              <responseSymbol>success</responseSymbol>
              <shouldHandoff>false</shouldHandoff>
              <transitionValue>0.0</transitionValue>
              <destination>
                <refId>3c25e0c1-cbfa-4c58-92d9-2f1ac914aef9</refId>
              </destination>
              <source>
                <refId>5d6f5107-9b9e-46a3-9e29-2e2ed2b7c7a6</refId>
              </source>
              <positions>
                <point>
                  <x>517.0</x>
                  <y>203.0</y>
                </point>
                <point>
                  <x>651.0</x>
                  <y>244.0</y>
                </point>
              </positions>
              <labelPosition>
                <x>333.0</x>
                <y>0.0</y>
              </labelPosition>
            </transition>
            <transition id="e8439810-ad7c-4d7d-a5db-4bb3f3d9fb3b">
              <annotation></annotation>
              <name>failure</name>
              <command>NEXT</command>
              <linkMode>false</linkMode>
              <responseSymbol>failure</responseSymbol>
              <shouldHandoff>false</shouldHandoff>
              <transitionValue>0.0</transitionValue>
              <destination>
                <refId>3c25e0c1-cbfa-4c58-92d9-2f1ac914aef9</refId>
              </destination>
              <source>
                <refId>5d6f5107-9b9e-46a3-9e29-2e2ed2b7c7a6</refId>
              </source>
              <positions>
                <point>
                  <x>510.0</x>
                  <y>272.0</y>
                </point>
                <point>
                  <x>574.6889703218062</x>
                  <y>265.64884902521703</y>
                </point>
                <point>
                  <x>593.940085294267</x>
                  <y>271.5391155466416</y>
                </point>
                <point>
                  <x>644.0</x>
                  <y>313.0</y>
                </point>
              </positions>
              <labelPosition>
                <x>333.0</x>
                <y>0.0</y>
              </labelPosition>
            </transition>
          </transitions>
          <properties/>
          <opRef>
            <refId>83f5483f-8b4f-42c3-bfbb-b68a8d320fb3</refId>
          </opRef>
          <assignments>
            <flowVariableAssignment id="262025c9-91b4-484b-a36f-d12c4996919d">
              <annotation></annotation>
              <name>assignment</name>
              <action>OVERWRITE</action>
              <assignmentTargetType>FLOW_VARIABLE</assignmentTargetType>
              <contextKey>stdOut2</contextKey>
              <expression id="bc8f799c-afa6-47f3-b5fb-4f206c2061b5">
                <annotation></annotation>
                <name>Result Field: STDOUT</name>
                <fieldName>STDOUT</fieldName>
                <sourceType>RAWRESULT</sourceType>
                <filters/>
              </expression>
            </flowVariableAssignment>
          </assignments>
          <throttleSize>0</throttleSize>
        </step>
        <endBranchStep id="3c25e0c1-cbfa-4c58-92d9-2f1ac914aef9">
          <annotation></annotation>
          <name>Resolved : success</name>
          <bounds>
            <x>0.0</x>
            <y>0.0</y>
          </bounds>
          <layer>-1</layer>
          <hideInbound>false</hideInbound>
          <addResultToRunContext>false</addResultToRunContext>
          <isCriticalStep>false</isCriticalStep>
          <isNonBlocking>false</isNonBlocking>
          <isParallelStep>false</isParallelStep>
          <isSingleResponse>false</isSingleResponse>
          <recordInHistory>false</recordInHistory>
          <recordRawOutput>true</recordRawOutput>
          <recordPrimaryOutput>true</recordPrimaryOutput>
          <checkPointStep>true</checkPointStep>
          <historyCheckPointStep>true</historyCheckPointStep>
          <scriptResultStep>false</scriptResultStep>
          <userPrompt></userPrompt>
          <bindings/>
          <transitions>
            <transition id="e502f8c6-c2d6-47ef-beb6-8927c7d7bc2a">
              <annotation></annotation>
              <name>return</name>
              <command>NEXT</command>
              <linkMode>false</linkMode>
              <responseSymbol>success</responseSymbol>
              <shouldHandoff>false</shouldHandoff>
              <transitionValue>0.0</transitionValue>
              <destination>
                <refId>3c25e0c1-cbfa-4c58-92d9-2f1ac914aef9</refId>
              </destination>
              <source>
                <refId>3c25e0c1-cbfa-4c58-92d9-2f1ac914aef9</refId>
              </source>
              <positions/>
            </transition>
          </transitions>
          <properties/>
        </endBranchStep>
      </steps>
      <startSteps>
        <refId>d209adfe-b656-4249-a541-9953e392f40d</refId>
        <refId>5d6f5107-9b9e-46a3-9e29-2e2ed2b7c7a6</refId>
      </startSteps>
      <lanes>
        <parallelLane id="ffe35e89-5844-4977-960a-14944819e4fe">
          <annotation></annotation>
          <name>Lane 1</name>
          <bounds>
            <x>0.0</x>
            <y>0.0</y>
            <width>240.0</width>
            <height>140.0</height>
          </bounds>
          <parallelSteps>
            <refId>d209adfe-b656-4249-a541-9953e392f40d</refId>
          </parallelSteps>
          <parallelStartStep>
            <refId>d209adfe-b656-4249-a541-9953e392f40d</refId>
          </parallelStartStep>
        </parallelLane>
        <parallelLane id="b53a7200-277d-4079-b144-01166f89089d">
          <annotation></annotation>
          <name>Lane 2</name>
          <bounds>
            <x>0.0</x>
            <y>0.0</y>
            <width>240.0</width>
            <height>140.0</height>
          </bounds>
          <parallelSteps>
            <refId>5d6f5107-9b9e-46a3-9e29-2e2ed2b7c7a6</refId>
          </parallelSteps>
          <parallelStartStep>
            <refId>5d6f5107-9b9e-46a3-9e29-2e2ed2b7c7a6</refId>
          </parallelStartStep>
        </parallelLane>
      </lanes>
      <callouts/>
    </parallelMultiStep>
    <step id="7a20845e-6fc3-43d7-bca1-98cfa9241477">
      <annotation>c19841bf-34b2-4584-8126-3e38b8e5c01d.7a20845e-6fc3-43d7-bca1-98cfa9241477.description</annotation>
      <name>Command Output</name>
      <bounds>
        <x>748.0</x>
        <y>195.0</y>
      </bounds>
      <layer>-1</layer>
      <hideInbound>false</hideInbound>
      <addResultToRunContext>false</addResultToRunContext>
      <isCriticalStep>false</isCriticalStep>
      <isNonBlocking>false</isNonBlocking>
      <isParallelStep>false</isParallelStep>
      <isSingleResponse>false</isSingleResponse>
      <recordInHistory>false</recordInHistory>
      <recordRawOutput>true</recordRawOutput>
      <recordPrimaryOutput>true</recordPrimaryOutput>
      <checkPointStep>true</checkPointStep>
      <historyCheckPointStep>true</historyCheckPointStep>
      <scriptResultStep>false</scriptResultStep>
      <userPrompt></userPrompt>
      <bindings>
        <staticBinding id="e8efab0b-757c-475c-8f58-77d6a6f4a079">
          <annotation></annotation>
          <assignFromContext>false</assignFromContext>
          <assignToContext>false</assignToContext>
          <inputType>STRING</inputType>
          <isList>false</isList>
          <required>true</required>
          <isPersisted>true</isPersisted>
          <inputSymbol>message</inputSymbol>
          <listDelimiter>,</listDelimiter>
          <value>Command 1 Output (${field1}):
${stdOut1}

Command 2 Output (${field2}):
${stdOut2}</value>
          <record>false</record>
        </staticBinding>
        <staticBinding id="72bf34a7-0589-4bf2-956a-cdccdff0e4be">
          <annotation></annotation>
          <assignFromContext>false</assignFromContext>
          <assignToContext>false</assignToContext>
          <inputType>STRING</inputType>
          <isList>false</isList>
          <required>false</required>
          <isPersisted>true</isPersisted>
          <inputSymbol>title</inputSymbol>
          <listDelimiter>,</listDelimiter>
          <value>Status message</value>
          <record>false</record>
        </staticBinding>
      </bindings>
      <transitions>
        <transition id="d3950500-baa3-4ea4-bd1d-ecd66db146cb">
          <annotation></annotation>
          <name>success</name>
          <command>NEXT</command>
          <linkMode>false</linkMode>
          <responseSymbol>success</responseSymbol>
          <shouldHandoff>false</shouldHandoff>
          <transitionValue>0.0</transitionValue>
          <destination>
            <refId>543ecec2-16e6-484c-b2b9-b6997501ab6b</refId>
          </destination>
          <source>
            <refId>7a20845e-6fc3-43d7-bca1-98cfa9241477</refId>
          </source>
          <positions>
            <point>
              <x>763.0</x>
              <y>137.0</y>
            </point>
            <point>
              <x>970.0</x>
              <y>129.0</y>
            </point>
          </positions>
          <labelPosition>
            <x>333.0</x>
            <y>0.0</y>
          </labelPosition>
        </transition>
      </transitions>
      <properties/>
      <opRef>
        <refId>434e6fa2-26bc-4e84-9e1f-0aa6946cf920</refId>
      </opRef>
      <assignments/>
      <throttleSize>0</throttleSize>
    </step>
    <returnStep id="543ecec2-16e6-484c-b2b9-b6997501ab6b">
      <annotation></annotation>
      <name>Resolved : success</name>
      <bounds>
        <x>916.0</x>
        <y>195.0</y>
      </bounds>
      <layer>-1</layer>
      <hideInbound>false</hideInbound>
      <addResultToRunContext>false</addResultToRunContext>
      <isCriticalStep>false</isCriticalStep>
      <isNonBlocking>false</isNonBlocking>
      <isParallelStep>false</isParallelStep>
      <isSingleResponse>false</isSingleResponse>
      <recordInHistory>false</recordInHistory>
      <recordRawOutput>true</recordRawOutput>
      <recordPrimaryOutput>true</recordPrimaryOutput>
      <checkPointStep>true</checkPointStep>
      <historyCheckPointStep>true</historyCheckPointStep>
      <scriptResultStep>false</scriptResultStep>
      <userPrompt></userPrompt>
      <bindings/>
      <transitions>
        <transition id="15972ae7-14f1-4c19-94e2-c8f14478b533">
          <annotation></annotation>
          <name>return</name>
          <command>NEXT</command>
          <linkMode>false</linkMode>
          <responseSymbol>success</responseSymbol>
          <shouldHandoff>false</shouldHandoff>
          <transitionValue>0.0</transitionValue>
          <destination>
            <refId>543ecec2-16e6-484c-b2b9-b6997501ab6b</refId>
          </destination>
          <source>
            <refId>543ecec2-16e6-484c-b2b9-b6997501ab6b</refId>
          </source>
          <positions/>
        </transition>
      </transitions>
      <properties/>
      <returnStepType>RESOLVED</returnStepType>
      <assignments/>
    </returnStep>
  </steps>
  <startSteps>1530c6c2-eecf-4262-913c-5b9309236b71</startSteps>
</flow>