<?xml version="1.0" encoding="UTF-8"?>
<flow id="01552427-4bdf-4d63-bbcb-ac6dabf4792b">
  <descriptionCdata><![CDATA[01552427-4bdf-4d63-bbcb-ac6dabf4792b.4b3453ac-b543-4a08-a1cf-a6ab30fb2ebc.description=<pre>\n\nDisplays a message to the user.\n\nInputs\:\n  message - The message text to display\n  title - The title on the message window. Defaults to "Status message".\n\nResponses\:\n  Always returns success.\n\nExamples\:\n  In order to display the message "Finished" to the user, go to the \n  detail screen for the input named "message" and change the Otherwise option\n  from Prompt User to Use Constant.  Then enter the text "Finished" into the\n  Constant Value field.\n\n  References to flow variables in the Contant Value field are expanded so that\n  the text may be dynamic.  Flow variable references are of the form\n  ${variable}.  For example, the text\:\n     ${count} systems were modified \n  could be used to display a message about the number of systems that were\n  repaired, whose value is in the flow variable "count".\n\n  When the message is displayed, it will properly render any embedded html\n  tags, which permits creating messages with more advanced formatting.  For \n  example to display a message in italics you could use\:\n    <i>This is important</i>\n  or to display a message in red\:\n    <i>This is <span style\="color\: red">really </span> important</i>\n\n  You can create messages that contain multiple lines by entering a multiple\n  line message in the Constant Value field, or by using HTML <BR> tags for line\n  breaks.  Note that \\n characters are displayed literally and are not used for\n  creating multiple lines.\n\n</pre>\n
01552427-4bdf-4d63-bbcb-ac6dabf4792b.4b34dee1-f6f1-456a-b559-c1077f8fa774.description=<pre>\nThis operation does not do anything. It can be used to filter flow variables by defining them as inputs and filtering them in the Results tab.\n\nInputs\:\n    field1 \u2013 An optional input that can be used for filtering flow variables.\n    field2 \u2013 An optional input that can be used for filtering flow variables.\n    field3 \u2013 An optional input that can be used for filtering flow variables.\n    field4 \u2013 An optional input that can be used for filtering flow variables.\n\nResults\:\n    returnResult - This is the primary output. It contains the value of  "field1" as it was specified at input or when filtered. \n\nResponses\:\n    success - The operation completed as stated in the description.\n</pre>
]]></descriptionCdata>
  <annotation></annotation>
  <name>Parallel-Split-Performance Report</name>
  <categories/>
  <inputs/>
  <possibleResponses>
    <opResponse id="86e15a33-11f5-4753-8a97-55f8d5b8af36">
      <annotation></annotation>
      <name>success</name>
      <isDefault>true</isDefault>
      <onFailure>false</onFailure>
      <type>RESOLVED</type>
      <matchRules/>
    </opResponse>
  </possibleResponses>
  <availableResultExpressions/>
  <resultExpression id="f38f228b-f80a-4668-8896-b6cc172fad09">
    <annotation></annotation>
    <name>FailureMessage</name>
    <fieldName>FailureMessage</fieldName>
    <sourceType>RAWRESULT</sourceType>
    <filters/>
  </resultExpression>
  <iconSpec id="6d79d88d-54ab-4d62-b3e2-92529ee2b78d">
    <baseIcon>flow.png</baseIcon>
    <basePath>System</basePath>
    <readOnly>false</readOnly>
    <layers/>
  </iconSpec>
  <callouts/>
  <checkPointFlow>true</checkPointFlow>
  <compatibleRuntimeContext>false</compatibleRuntimeContext>
  <historyCheckPointFlow>true</historyCheckPointFlow>
  <steps>
    <step id="4b34dee1-f6f1-456a-b559-c1077f8fa774">
      <annotation>01552427-4bdf-4d63-bbcb-ac6dabf4792b.4b34dee1-f6f1-456a-b559-c1077f8fa774.description</annotation>
      <name>Enter Inputs</name>
      <bounds>
        <x>20.0</x>
        <y>159.0</y>
      </bounds>
      <layer>-1</layer>
      <hideInbound>false</hideInbound>
      <addResultToRunContext>false</addResultToRunContext>
      <isCriticalStep>false</isCriticalStep>
      <isNonBlocking>false</isNonBlocking>
      <isParallelStep>false</isParallelStep>
      <isSingleResponse>false</isSingleResponse>
      <recordInHistory>false</recordInHistory>
      <recordRawOutput>true</recordRawOutput>
      <recordPrimaryOutput>true</recordPrimaryOutput>
      <checkPointStep>true</checkPointStep>
      <historyCheckPointStep>true</historyCheckPointStep>
      <scriptResultStep>false</scriptResultStep>
      <userPrompt></userPrompt>
      <bindings>
        <userInputBinding id="9e3a7248-021e-4121-bd3b-069047280560">
          <annotation></annotation>
          <assignFromContext>false</assignFromContext>
          <assignToContext>true</assignToContext>
          <inputType>STRING</inputType>
          <isList>false</isList>
          <required>true</required>
          <isPersisted>true</isPersisted>
          <inputSymbol>host</inputSymbol>
          <listDelimiter>,</listDelimiter>
          <record>false</record>
          <prompt></prompt>
          <isMultiSelect>false</isMultiSelect>
          <sourceDelimiter>|</sourceDelimiter>
        </userInputBinding>
        <userInputBinding id="38637f39-c84e-4b42-b9f0-49a73c9c0946">
          <annotation></annotation>
          <assignFromContext>false</assignFromContext>
          <assignToContext>true</assignToContext>
          <inputType>STRING</inputType>
          <isList>false</isList>
          <required>true</required>
          <isPersisted>true</isPersisted>
          <inputSymbol>username</inputSymbol>
          <listDelimiter>,</listDelimiter>
          <record>false</record>
          <prompt></prompt>
          <isMultiSelect>false</isMultiSelect>
          <sourceDelimiter>|</sourceDelimiter>
        </userInputBinding>
        <userInputBinding id="56ae4749-f9e3-4073-8b11-e5b9710cb4c7">
          <annotation></annotation>
          <assignFromContext>false</assignFromContext>
          <assignToContext>true</assignToContext>
          <inputType>ENCRYPTED</inputType>
          <isList>false</isList>
          <required>true</required>
          <isPersisted>true</isPersisted>
          <inputSymbol>password</inputSymbol>
          <listDelimiter>,</listDelimiter>
          <record>false</record>
          <prompt></prompt>
          <isMultiSelect>false</isMultiSelect>
          <sourceDelimiter>|</sourceDelimiter>
        </userInputBinding>
      </bindings>
      <transitions>
        <transition id="c3f260d8-48da-4c65-acfe-a83928b16b9e">
          <annotation></annotation>
          <name>success</name>
          <command>NEXT</command>
          <linkMode>false</linkMode>
          <responseSymbol>success</responseSymbol>
          <shouldHandoff>false</shouldHandoff>
          <transitionValue>0.0</transitionValue>
          <destination>
            <refId>c364c70a-0b58-4c85-bd4f-ef86dd6e12e8</refId>
          </destination>
          <source>
            <refId>4b34dee1-f6f1-456a-b559-c1077f8fa774</refId>
          </source>
          <positions>
            <point>
              <x>70.0</x>
              <y>193.0</y>
            </point>
            <point>
              <x>249.0</x>
              <y>234.0</y>
            </point>
          </positions>
          <labelPosition>
            <x>333.0</x>
            <y>0.0</y>
          </labelPosition>
        </transition>
      </transitions>
      <properties/>
      <opRef>
        <refId>ddd79f22-8b1e-4605-88d5-d912bb2da2b9</refId>
      </opRef>
      <assignments/>
      <throttleSize>0</throttleSize>
    </step>
    <parallelMultiStep id="c364c70a-0b58-4c85-bd4f-ef86dd6e12e8">
      <annotation></annotation>
      <name>Parallel Split</name>
      <bounds>
        <x>199.0</x>
        <y>0.0</y>
      </bounds>
      <layer>-1</layer>
      <hideInbound>false</hideInbound>
      <addResultToRunContext>false</addResultToRunContext>
      <isCriticalStep>false</isCriticalStep>
      <isNonBlocking>false</isNonBlocking>
      <isParallelStep>false</isParallelStep>
      <isSingleResponse>true</isSingleResponse>
      <recordInHistory>false</recordInHistory>
      <recordRawOutput>true</recordRawOutput>
      <recordPrimaryOutput>true</recordPrimaryOutput>
      <checkPointStep>true</checkPointStep>
      <historyCheckPointStep>true</historyCheckPointStep>
      <scriptResultStep>false</scriptResultStep>
      <userPrompt></userPrompt>
      <bindings/>
      <transitions>
        <transition id="464e476f-4343-42d4-a601-eb8a2c79e8a4">
          <annotation></annotation>
          <name>done</name>
          <command>NEXT</command>
          <linkMode>false</linkMode>
          <responseSymbol>done</responseSymbol>
          <shouldHandoff>false</shouldHandoff>
          <transitionValue>0.0</transitionValue>
          <destination>
            <refId>4b3453ac-b543-4a08-a1cf-a6ab30fb2ebc</refId>
          </destination>
          <source>
            <refId>c364c70a-0b58-4c85-bd4f-ef86dd6e12e8</refId>
          </source>
          <positions>
            <point>
              <x>249.0</x>
              <y>34.0</y>
            </point>
            <point>
              <x>656.0</x>
              <y>170.0</y>
            </point>
          </positions>
          <labelPosition>
            <x>333.0</x>
            <y>0.0</y>
          </labelPosition>
        </transition>
      </transitions>
      <properties/>
      <doneResponse>
        <refId>15d2d75f-ea58-4519-b353-2c889007a969</refId>
      </doneResponse>
      <steps>
        <step id="5e0ec6fd-f298-4f6e-b2be-30fe254afaf6">
          <annotation></annotation>
          <name>Get-OS Sub</name>
          <bounds>
            <x>346.0</x>
            <y>56.0</y>
          </bounds>
          <layer>-1</layer>
          <hideInbound>false</hideInbound>
          <addResultToRunContext>false</addResultToRunContext>
          <isCriticalStep>false</isCriticalStep>
          <isNonBlocking>false</isNonBlocking>
          <isParallelStep>false</isParallelStep>
          <isSingleResponse>true</isSingleResponse>
          <recordInHistory>false</recordInHistory>
          <recordRawOutput>true</recordRawOutput>
          <recordPrimaryOutput>true</recordPrimaryOutput>
          <checkPointStep>true</checkPointStep>
          <historyCheckPointStep>true</historyCheckPointStep>
          <scriptResultStep>false</scriptResultStep>
          <userPrompt></userPrompt>
          <bindings>
            <userInputBinding id="55582515-1475-483c-8e7c-f231e8b658d2">
              <annotation></annotation>
              <assignFromContext>true</assignFromContext>
              <assignToContext>true</assignToContext>
              <inputType>STRING</inputType>
              <isList>false</isList>
              <required>true</required>
              <isPersisted>true</isPersisted>
              <inputSymbol>host</inputSymbol>
              <listDelimiter>,</listDelimiter>
              <record>false</record>
              <prompt></prompt>
              <isMultiSelect>false</isMultiSelect>
              <sourceDelimiter>|</sourceDelimiter>
            </userInputBinding>
            <userInputBinding id="a5b351af-6e6a-48a6-a8d7-a6816e4b8f64">
              <annotation></annotation>
              <assignFromContext>true</assignFromContext>
              <assignToContext>true</assignToContext>
              <inputType>STRING</inputType>
              <isList>false</isList>
              <required>true</required>
              <isPersisted>true</isPersisted>
              <inputSymbol>username</inputSymbol>
              <listDelimiter>,</listDelimiter>
              <record>false</record>
              <prompt></prompt>
              <isMultiSelect>false</isMultiSelect>
              <sourceDelimiter>|</sourceDelimiter>
            </userInputBinding>
            <userInputBinding id="162842e4-2cd0-407d-913b-895e6862f5bf">
              <annotation></annotation>
              <assignFromContext>true</assignFromContext>
              <assignToContext>true</assignToContext>
              <inputType>STRING</inputType>
              <isList>false</isList>
              <required>true</required>
              <isPersisted>true</isPersisted>
              <inputSymbol>password</inputSymbol>
              <listDelimiter>,</listDelimiter>
              <record>false</record>
              <prompt></prompt>
              <isMultiSelect>false</isMultiSelect>
              <sourceDelimiter>|</sourceDelimiter>
            </userInputBinding>
          </bindings>
          <transitions>
            <transition id="525ed38d-cacd-47a3-8242-8c7b925f5eae">
              <annotation></annotation>
              <name>done</name>
              <command>NEXT</command>
              <linkMode>false</linkMode>
              <responseSymbol>done</responseSymbol>
              <shouldHandoff>false</shouldHandoff>
              <transitionValue>0.0</transitionValue>
              <destination>
                <refId>15d2d75f-ea58-4519-b353-2c889007a969</refId>
              </destination>
              <source>
                <refId>5e0ec6fd-f298-4f6e-b2be-30fe254afaf6</refId>
              </source>
              <positions>
                <point>
                  <x>396.0</x>
                  <y>90.0</y>
                </point>
                <point>
                  <x>539.0</x>
                  <y>100.0</y>
                </point>
              </positions>
              <labelPosition>
                <x>333.0</x>
                <y>0.0</y>
              </labelPosition>
            </transition>
          </transitions>
          <properties/>
          <opRef>
            <refId>b066d542-5165-4e2e-a615-90378ea12b65</refId>
          </opRef>
          <assignments>
            <flowVariableAssignment id="48e66f2a-d140-42f5-993a-0ba718db0369">
              <annotation></annotation>
              <name>assignment</name>
              <action>OVERWRITE</action>
              <assignmentTargetType>FLOW_VARIABLE</assignmentTargetType>
              <contextKey>server</contextKey>
              <expression id="3ad7b0b7-6227-45f5-9134-2fb0f95816c7">
                <annotation></annotation>
                <name>Result Field: server</name>
                <fieldName>server</fieldName>
                <sourceType>RAWRESULT</sourceType>
                <filters/>
              </expression>
            </flowVariableAssignment>
          </assignments>
          <throttleSize>0</throttleSize>
        </step>
        <step id="7badecb7-0b9f-4bfe-8924-d9555fed8427">
          <annotation></annotation>
          <name>Get Average Disk Read-Write</name>
          <bounds>
            <x>346.0</x>
            <y>168.0</y>
          </bounds>
          <layer>-1</layer>
          <hideInbound>false</hideInbound>
          <addResultToRunContext>false</addResultToRunContext>
          <isCriticalStep>false</isCriticalStep>
          <isNonBlocking>false</isNonBlocking>
          <isParallelStep>false</isParallelStep>
          <isSingleResponse>true</isSingleResponse>
          <recordInHistory>false</recordInHistory>
          <recordRawOutput>true</recordRawOutput>
          <recordPrimaryOutput>true</recordPrimaryOutput>
          <checkPointStep>true</checkPointStep>
          <historyCheckPointStep>true</historyCheckPointStep>
          <scriptResultStep>false</scriptResultStep>
          <userPrompt></userPrompt>
          <bindings>
            <userInputBinding id="607ab6e5-96b3-418f-8840-ba18397edebc">
              <annotation></annotation>
              <assignFromContext>true</assignFromContext>
              <assignToContext>true</assignToContext>
              <inputType>STRING</inputType>
              <isList>false</isList>
              <required>true</required>
              <isPersisted>true</isPersisted>
              <inputSymbol>host</inputSymbol>
              <listDelimiter>,</listDelimiter>
              <record>false</record>
              <prompt></prompt>
              <isMultiSelect>false</isMultiSelect>
              <sourceDelimiter>|</sourceDelimiter>
            </userInputBinding>
          </bindings>
          <transitions>
            <transition id="15493786-d1ba-4511-8040-e6fa3dd36883">
              <annotation></annotation>
              <name>done</name>
              <command>NEXT</command>
              <linkMode>false</linkMode>
              <responseSymbol>done</responseSymbol>
              <shouldHandoff>false</shouldHandoff>
              <transitionValue>0.0</transitionValue>
              <destination>
                <refId>15d2d75f-ea58-4519-b353-2c889007a969</refId>
              </destination>
              <source>
                <refId>7badecb7-0b9f-4bfe-8924-d9555fed8427</refId>
              </source>
              <positions>
                <point>
                  <x>396.0</x>
                  <y>202.0</y>
                </point>
                <point>
                  <x>539.0</x>
                  <y>244.0</y>
                </point>
              </positions>
              <labelPosition>
                <x>333.0</x>
                <y>0.0</y>
              </labelPosition>
            </transition>
          </transitions>
          <properties/>
          <opRef>
            <refId>fab43539-8a58-46b5-b3cf-3e3fc53f3af7</refId>
          </opRef>
          <assignments>
            <flowVariableAssignment id="a6267c44-80ff-47af-8c2d-ed900cbb82ec">
              <annotation></annotation>
              <name>assignment</name>
              <action>OVERWRITE</action>
              <assignmentTargetType>FLOW_VARIABLE</assignmentTargetType>
              <contextKey>diskRead</contextKey>
              <expression id="7ad96393-1260-4d8c-bf0a-8806afc2ed96">
                <annotation></annotation>
                <name>Result: diskRead</name>
                <fieldName>diskRead</fieldName>
                <sourceType>AVAILABLE_RESULT</sourceType>
                <filters/>
              </expression>
            </flowVariableAssignment>
            <flowVariableAssignment id="24fd1252-0df6-4f10-8ee2-94f1935e0d44">
              <annotation></annotation>
              <name>assignment</name>
              <action>OVERWRITE</action>
              <assignmentTargetType>FLOW_VARIABLE</assignmentTargetType>
              <contextKey>diskWrite</contextKey>
              <expression id="88ca12bc-2a5d-4e4b-9a8d-28d7dd90c755">
                <annotation></annotation>
                <name>Result: diskWrite</name>
                <fieldName>diskWrite</fieldName>
                <sourceType>AVAILABLE_RESULT</sourceType>
                <filters/>
              </expression>
            </flowVariableAssignment>
          </assignments>
          <throttleSize>0</throttleSize>
        </step>
        <step id="eb958dff-5f8e-44ec-b1af-46d7d48511e9">
          <annotation></annotation>
          <name>Get Available Memory in megabytes</name>
          <bounds>
            <x>355.0</x>
            <y>314.0</y>
          </bounds>
          <layer>-1</layer>
          <hideInbound>false</hideInbound>
          <addResultToRunContext>false</addResultToRunContext>
          <isCriticalStep>false</isCriticalStep>
          <isNonBlocking>false</isNonBlocking>
          <isParallelStep>false</isParallelStep>
          <isSingleResponse>true</isSingleResponse>
          <recordInHistory>false</recordInHistory>
          <recordRawOutput>true</recordRawOutput>
          <recordPrimaryOutput>true</recordPrimaryOutput>
          <checkPointStep>true</checkPointStep>
          <historyCheckPointStep>true</historyCheckPointStep>
          <scriptResultStep>false</scriptResultStep>
          <userPrompt></userPrompt>
          <bindings>
            <staticBinding id="dbaccef2-9d40-4252-b39b-8fdd5a61e3ad">
              <annotation></annotation>
              <assignFromContext>true</assignFromContext>
              <assignToContext>true</assignToContext>
              <inputType>STRING</inputType>
              <isList>false</isList>
              <required>false</required>
              <isPersisted>true</isPersisted>
              <inputSymbol>host</inputSymbol>
              <listDelimiter>,</listDelimiter>
              <record>false</record>
            </staticBinding>
          </bindings>
          <transitions>
            <transition id="eb639b03-449c-454b-919d-d12b8aefb75d">
              <annotation></annotation>
              <name>done</name>
              <command>NEXT</command>
              <linkMode>false</linkMode>
              <responseSymbol>done</responseSymbol>
              <shouldHandoff>false</shouldHandoff>
              <transitionValue>0.0</transitionValue>
              <destination>
                <refId>15d2d75f-ea58-4519-b353-2c889007a969</refId>
              </destination>
              <source>
                <refId>eb958dff-5f8e-44ec-b1af-46d7d48511e9</refId>
              </source>
              <positions>
                <point>
                  <x>405.0</x>
                  <y>348.0</y>
                </point>
                <point>
                  <x>539.0</x>
                  <y>388.0</y>
                </point>
              </positions>
              <labelPosition>
                <x>333.0</x>
                <y>0.0</y>
              </labelPosition>
            </transition>
          </transitions>
          <properties/>
          <opRef>
            <refId>cf18de68-9455-4d3e-a77d-438f6032c6ae</refId>
          </opRef>
          <assignments>
            <flowVariableAssignment id="3c51c00a-cf37-4951-a0ab-2aea7a505728">
              <annotation></annotation>
              <name>assignment</name>
              <action>OVERWRITE</action>
              <assignmentTargetType>FLOW_VARIABLE</assignmentTargetType>
              <contextKey>availableMemory</contextKey>
              <expression id="5339aa50-2e48-47e8-af6a-ca585bfd2bab">
                <annotation></annotation>
                <name>Result Field: availableMemory</name>
                <fieldName>availableMemory</fieldName>
                <sourceType>RAWRESULT</sourceType>
                <filters/>
              </expression>
            </flowVariableAssignment>
          </assignments>
          <throttleSize>0</throttleSize>
        </step>
        <endBranchStep id="15d2d75f-ea58-4519-b353-2c889007a969">
          <annotation></annotation>
          <name>Resolved : success</name>
          <bounds>
            <x>0.0</x>
            <y>0.0</y>
          </bounds>
          <layer>-1</layer>
          <hideInbound>false</hideInbound>
          <addResultToRunContext>false</addResultToRunContext>
          <isCriticalStep>false</isCriticalStep>
          <isNonBlocking>false</isNonBlocking>
          <isParallelStep>false</isParallelStep>
          <isSingleResponse>false</isSingleResponse>
          <recordInHistory>false</recordInHistory>
          <recordRawOutput>true</recordRawOutput>
          <recordPrimaryOutput>true</recordPrimaryOutput>
          <checkPointStep>true</checkPointStep>
          <historyCheckPointStep>true</historyCheckPointStep>
          <scriptResultStep>false</scriptResultStep>
          <userPrompt></userPrompt>
          <bindings/>
          <transitions>
            <transition id="9194293d-da09-46ee-b071-74ec45020de7">
              <annotation></annotation>
              <name>return</name>
              <command>NEXT</command>
              <linkMode>false</linkMode>
              <responseSymbol>success</responseSymbol>
              <shouldHandoff>false</shouldHandoff>
              <transitionValue>0.0</transitionValue>
              <destination>
                <refId>15d2d75f-ea58-4519-b353-2c889007a969</refId>
              </destination>
              <source>
                <refId>15d2d75f-ea58-4519-b353-2c889007a969</refId>
              </source>
              <positions/>
            </transition>
          </transitions>
          <properties/>
        </endBranchStep>
      </steps>
      <startSteps>
        <refId>5e0ec6fd-f298-4f6e-b2be-30fe254afaf6</refId>
        <refId>7badecb7-0b9f-4bfe-8924-d9555fed8427</refId>
        <refId>eb958dff-5f8e-44ec-b1af-46d7d48511e9</refId>
      </startSteps>
      <lanes>
        <parallelLane id="d214e930-6ad5-4cc2-a995-e3d72141f41c">
          <annotation></annotation>
          <name>Lane 1</name>
          <bounds>
            <x>0.0</x>
            <y>0.0</y>
            <width>240.0</width>
            <height>140.0</height>
          </bounds>
          <parallelSteps>
            <refId>5e0ec6fd-f298-4f6e-b2be-30fe254afaf6</refId>
          </parallelSteps>
          <parallelStartStep>
            <refId>5e0ec6fd-f298-4f6e-b2be-30fe254afaf6</refId>
          </parallelStartStep>
        </parallelLane>
        <parallelLane id="1ac0626f-a689-4a91-a294-96d9d2576e54">
          <annotation></annotation>
          <name>Lane 2</name>
          <bounds>
            <x>0.0</x>
            <y>0.0</y>
            <width>240.0</width>
            <height>140.0</height>
          </bounds>
          <parallelSteps>
            <refId>7badecb7-0b9f-4bfe-8924-d9555fed8427</refId>
          </parallelSteps>
          <parallelStartStep>
            <refId>7badecb7-0b9f-4bfe-8924-d9555fed8427</refId>
          </parallelStartStep>
        </parallelLane>
        <parallelLane id="f1b86220-30ac-4ac1-ad3b-af882fb013bf">
          <annotation></annotation>
          <name>Lane 3</name>
          <bounds>
            <x>0.0</x>
            <y>0.0</y>
            <width>240.0</width>
            <height>140.0</height>
          </bounds>
          <parallelSteps>
            <refId>eb958dff-5f8e-44ec-b1af-46d7d48511e9</refId>
          </parallelSteps>
          <parallelStartStep>
            <refId>eb958dff-5f8e-44ec-b1af-46d7d48511e9</refId>
          </parallelStartStep>
        </parallelLane>
      </lanes>
      <callouts/>
    </parallelMultiStep>
    <step id="4b3453ac-b543-4a08-a1cf-a6ab30fb2ebc">
      <annotation>01552427-4bdf-4d63-bbcb-ac6dabf4792b.4b3453ac-b543-4a08-a1cf-a6ab30fb2ebc.description</annotation>
      <name>Display reports</name>
      <bounds>
        <x>606.0</x>
        <y>136.0</y>
      </bounds>
      <layer>-1</layer>
      <hideInbound>false</hideInbound>
      <addResultToRunContext>false</addResultToRunContext>
      <isCriticalStep>false</isCriticalStep>
      <isNonBlocking>false</isNonBlocking>
      <isParallelStep>false</isParallelStep>
      <isSingleResponse>false</isSingleResponse>
      <recordInHistory>false</recordInHistory>
      <recordRawOutput>true</recordRawOutput>
      <recordPrimaryOutput>true</recordPrimaryOutput>
      <checkPointStep>true</checkPointStep>
      <historyCheckPointStep>true</historyCheckPointStep>
      <scriptResultStep>false</scriptResultStep>
      <userPrompt></userPrompt>
      <bindings>
        <staticBinding id="4e51e7ad-b782-4d01-aed5-b783e5f77cfe">
          <annotation></annotation>
          <assignFromContext>false</assignFromContext>
          <assignToContext>false</assignToContext>
          <inputType>STRING</inputType>
          <isList>false</isList>
          <required>true</required>
          <isPersisted>true</isPersisted>
          <inputSymbol>message</inputSymbol>
          <listDelimiter>,</listDelimiter>
          <value>Windows Performance Report :
${server}
${diskRead}
${diskWrite}
${availableMemory}</value>
          <record>false</record>
        </staticBinding>
        <staticBinding id="9827a4d2-c9c7-4a04-b967-40842e6c27be">
          <annotation></annotation>
          <assignFromContext>false</assignFromContext>
          <assignToContext>false</assignToContext>
          <inputType>STRING</inputType>
          <isList>false</isList>
          <required>false</required>
          <isPersisted>true</isPersisted>
          <inputSymbol>title</inputSymbol>
          <listDelimiter>,</listDelimiter>
          <value>Status message</value>
          <record>false</record>
        </staticBinding>
      </bindings>
      <transitions>
        <transition id="bc659240-4641-4e14-990a-720a907f8045">
          <annotation></annotation>
          <name>success</name>
          <command>NEXT</command>
          <linkMode>false</linkMode>
          <responseSymbol>success</responseSymbol>
          <shouldHandoff>false</shouldHandoff>
          <transitionValue>0.0</transitionValue>
          <destination>
            <refId>a87d1655-07ca-42e0-800d-ae21555b54fe</refId>
          </destination>
          <source>
            <refId>4b3453ac-b543-4a08-a1cf-a6ab30fb2ebc</refId>
          </source>
          <positions>
            <point>
              <x>656.0</x>
              <y>170.0</y>
            </point>
            <point>
              <x>925.0</x>
              <y>163.0</y>
            </point>
          </positions>
          <labelPosition>
            <x>333.0</x>
            <y>0.0</y>
          </labelPosition>
        </transition>
      </transitions>
      <properties/>
      <opRef>
        <refId>434e6fa2-26bc-4e84-9e1f-0aa6946cf920</refId>
      </opRef>
      <assignments/>
      <throttleSize>0</throttleSize>
    </step>
    <returnStep id="a87d1655-07ca-42e0-800d-ae21555b54fe">
      <annotation></annotation>
      <name>Resolved : success</name>
      <bounds>
        <x>875.0</x>
        <y>129.0</y>
      </bounds>
      <layer>-1</layer>
      <hideInbound>false</hideInbound>
      <addResultToRunContext>false</addResultToRunContext>
      <isCriticalStep>false</isCriticalStep>
      <isNonBlocking>false</isNonBlocking>
      <isParallelStep>false</isParallelStep>
      <isSingleResponse>false</isSingleResponse>
      <recordInHistory>false</recordInHistory>
      <recordRawOutput>true</recordRawOutput>
      <recordPrimaryOutput>true</recordPrimaryOutput>
      <checkPointStep>true</checkPointStep>
      <historyCheckPointStep>true</historyCheckPointStep>
      <scriptResultStep>false</scriptResultStep>
      <userPrompt></userPrompt>
      <bindings/>
      <transitions>
        <transition id="f40582a1-efaa-4ec2-bdb9-5454b7308642">
          <annotation></annotation>
          <name>return</name>
          <command>NEXT</command>
          <linkMode>false</linkMode>
          <responseSymbol>success</responseSymbol>
          <shouldHandoff>false</shouldHandoff>
          <transitionValue>0.0</transitionValue>
          <destination>
            <refId>a87d1655-07ca-42e0-800d-ae21555b54fe</refId>
          </destination>
          <source>
            <refId>a87d1655-07ca-42e0-800d-ae21555b54fe</refId>
          </source>
          <positions/>
        </transition>
      </transitions>
      <properties/>
      <returnStepType>RESOLVED</returnStepType>
      <assignments/>
    </returnStep>
  </steps>
  <startSteps>4b34dee1-f6f1-456a-b559-c1077f8fa774</startSteps>
</flow>