<?xml version="1.0" encoding="UTF-8"?>
<flow id="3536e555-e524-462c-a510-0bc9e7154ddd">
  <descriptionCdata><![CDATA[3536e555-e524-462c-a510-0bc9e7154ddd.4049cb65-9f79-42a8-b2e9-0727a06b330b.description=<pre>\nThis operation does not do anything. It can be used to filter flow variables by defining them as inputs and filtering them in the Results tab.\n\nInputs\:\n    field1 \u2013 An optional input that can be used for filtering flow variables.\n    field2 \u2013 An optional input that can be used for filtering flow variables.\n    field3 \u2013 An optional input that can be used for filtering flow variables.\n    field4 \u2013 An optional input that can be used for filtering flow variables.\n\nResults\:\n    returnResult - This is the primary output. It contains the value of  "field1" as it was specified at input or when filtered. \n\nResponses\:\n    success - The operation completed as stated in the description.\n</pre>
3536e555-e524-462c-a510-0bc9e7154ddd.9d8c1b97-bc9e-467c-816e-d6cf03c3b539.prompt=Please enter a first number\:
3536e555-e524-462c-a510-0bc9e7154ddd.a127c475-4b6d-4e07-8643-b6b77b6a6691.description=<pre>\nThis operation does not do anything. It can be used to filter flow variables by defining them as inputs and filtering them in the Results tab.\n\nInputs\:\n    field1 \u2013 An optional input that can be used for filtering flow variables.\n    field2 \u2013 An optional input that can be used for filtering flow variables.\n    field3 \u2013 An optional input that can be used for filtering flow variables.\n    field4 \u2013 An optional input that can be used for filtering flow variables.\n\nResults\:\n    returnResult - This is the primary output. It contains the value of  "field1" as it was specified at input or when filtered. \n\nResponses\:\n    success - The operation completed as stated in the description.\n</pre>
3536e555-e524-462c-a510-0bc9e7154ddd.fe704ed6-85ac-4b6b-bb70-9dca9c9c149c.description=<pre>\n\nDisplays a message to the user.\n\nInputs\:\n  message - The message text to display\n  title - The title on the message window. Defaults to "Status message".\n\nResponses\:\n  Always returns success.\n\nExamples\:\n  In order to display the message "Finished" to the user, go to the \n  detail screen for the input named "message" and change the Otherwise option\n  from Prompt User to Use Constant.  Then enter the text "Finished" into the\n  Constant Value field.\n\n  References to flow variables in the Contant Value field are expanded so that\n  the text may be dynamic.  Flow variable references are of the form\n  ${variable}.  For example, the text\:\n     ${count} systems were modified \n  could be used to display a message about the number of systems that were\n  repaired, whose value is in the flow variable "count".\n\n  When the message is displayed, it will properly render any embedded html\n  tags, which permits creating messages with more advanced formatting.  For \n  example to display a message in italics you could use\:\n    <i>This is important</i>\n  or to display a message in red\:\n    <i>This is <span style\="color\: red">really </span> important</i>\n\n  You can create messages that contain multiple lines by entering a multiple\n  line message in the Constant Value field, or by using HTML <BR> tags for line\n  breaks.  Note that \\n characters are displayed literally and are not used for\n  creating multiple lines.\n\n</pre>\n
3536e555-e524-462c-a510-0bc9e7154ddd.ff22c1b6-9418-40d8-9204-e3baf4598be8.prompt=Please enter a second number\:
]]></descriptionCdata>
  <annotation></annotation>
  <name>Use Aassignment Actions</name>
  <categories/>
  <inputs/>
  <possibleResponses>
    <opResponse id="bea820c0-9132-4c18-91a6-e7fbe69af28e">
      <annotation></annotation>
      <name>success</name>
      <isDefault>true</isDefault>
      <onFailure>false</onFailure>
      <type>RESOLVED</type>
      <matchRules/>
    </opResponse>
  </possibleResponses>
  <availableResultExpressions/>
  <resultExpression id="64d45222-0e86-4e9f-95a4-3c154a6af9cd">
    <annotation></annotation>
    <name>FailureMessage</name>
    <fieldName>FailureMessage</fieldName>
    <sourceType>RAWRESULT</sourceType>
    <filters/>
  </resultExpression>
  <iconSpec id="0e63ed94-7c99-4b9a-ab87-ff955a90f6ff">
    <baseIcon>flow.png</baseIcon>
    <basePath>System</basePath>
    <readOnly>false</readOnly>
    <layers/>
  </iconSpec>
  <callouts/>
  <checkPointFlow>true</checkPointFlow>
  <compatibleRuntimeContext>false</compatibleRuntimeContext>
  <historyCheckPointFlow>true</historyCheckPointFlow>
  <steps>
    <step id="a127c475-4b6d-4e07-8643-b6b77b6a6691">
      <annotation>3536e555-e524-462c-a510-0bc9e7154ddd.a127c475-4b6d-4e07-8643-b6b77b6a6691.description</annotation>
      <name>Enter First Number</name>
      <bounds>
        <x>77.0</x>
        <y>45.0</y>
      </bounds>
      <layer>-1</layer>
      <hideInbound>false</hideInbound>
      <addResultToRunContext>false</addResultToRunContext>
      <isCriticalStep>false</isCriticalStep>
      <isNonBlocking>false</isNonBlocking>
      <isParallelStep>false</isParallelStep>
      <isSingleResponse>false</isSingleResponse>
      <recordInHistory>false</recordInHistory>
      <recordRawOutput>true</recordRawOutput>
      <recordPrimaryOutput>true</recordPrimaryOutput>
      <checkPointStep>true</checkPointStep>
      <historyCheckPointStep>true</historyCheckPointStep>
      <scriptResultStep>false</scriptResultStep>
      <userPrompt></userPrompt>
      <bindings>
        <userInputBinding id="9d8c1b97-bc9e-467c-816e-d6cf03c3b539">
          <annotation></annotation>
          <assignFromContext>false</assignFromContext>
          <assignToContext>true</assignToContext>
          <inputType>STRING</inputType>
          <isList>false</isList>
          <required>false</required>
          <isPersisted>true</isPersisted>
          <inputSymbol>field1</inputSymbol>
          <listDelimiter>,</listDelimiter>
          <record>false</record>
          <prompt>3536e555-e524-462c-a510-0bc9e7154ddd.9d8c1b97-bc9e-467c-816e-d6cf03c3b539.prompt</prompt>
          <isMultiSelect>false</isMultiSelect>
          <sourceDelimiter>|</sourceDelimiter>
        </userInputBinding>
      </bindings>
      <transitions>
        <transition id="d77a5099-acad-428b-9543-6fd5e8d20ce6">
          <annotation></annotation>
          <name>success</name>
          <command>NEXT</command>
          <linkMode>false</linkMode>
          <responseSymbol>success</responseSymbol>
          <shouldHandoff>false</shouldHandoff>
          <transitionValue>0.0</transitionValue>
          <destination>
            <refId>4049cb65-9f79-42a8-b2e9-0727a06b330b</refId>
          </destination>
          <source>
            <refId>a127c475-4b6d-4e07-8643-b6b77b6a6691</refId>
          </source>
          <positions>
            <point>
              <x>134.0</x>
              <y>58.0</y>
            </point>
            <point>
              <x>288.0</x>
              <y>44.0</y>
            </point>
          </positions>
          <labelPosition>
            <x>333.0</x>
            <y>0.0</y>
          </labelPosition>
        </transition>
      </transitions>
      <properties/>
      <opRef>
        <refId>ddd79f22-8b1e-4605-88d5-d912bb2da2b9</refId>
      </opRef>
      <assignments>
        <flowVariableAssignment id="308038f2-4bec-49dd-801e-9ba9df729d4f">
          <annotation></annotation>
          <name>assignment</name>
          <action>OVERWRITE</action>
          <assignmentTargetType>FLOW_VARIABLE</assignmentTargetType>
          <contextKey>assignmentActionResult</contextKey>
          <expression id="4f0d4d68-3f21-470b-a45e-a52ab42fb3c8">
            <annotation></annotation>
            <name>Input: field1</name>
            <fieldName>field1</fieldName>
            <sourceType>INPUT</sourceType>
            <filters/>
          </expression>
        </flowVariableAssignment>
      </assignments>
      <throttleSize>0</throttleSize>
    </step>
    <returnStep id="5c507385-4d3b-41b9-af8f-9e37404566bb">
      <annotation></annotation>
      <name>Resolved : success</name>
      <bounds>
        <x>578.0</x>
        <y>51.0</y>
      </bounds>
      <layer>-1</layer>
      <hideInbound>false</hideInbound>
      <addResultToRunContext>false</addResultToRunContext>
      <isCriticalStep>false</isCriticalStep>
      <isNonBlocking>false</isNonBlocking>
      <isParallelStep>false</isParallelStep>
      <isSingleResponse>false</isSingleResponse>
      <recordInHistory>false</recordInHistory>
      <recordRawOutput>true</recordRawOutput>
      <recordPrimaryOutput>true</recordPrimaryOutput>
      <checkPointStep>true</checkPointStep>
      <historyCheckPointStep>true</historyCheckPointStep>
      <scriptResultStep>false</scriptResultStep>
      <userPrompt></userPrompt>
      <bindings/>
      <transitions>
        <transition id="bf040cb4-73d4-41b4-afca-aa5455635575">
          <annotation></annotation>
          <name>return</name>
          <command>NEXT</command>
          <linkMode>false</linkMode>
          <responseSymbol>success</responseSymbol>
          <shouldHandoff>false</shouldHandoff>
          <transitionValue>0.0</transitionValue>
          <destination>
            <refId>5c507385-4d3b-41b9-af8f-9e37404566bb</refId>
          </destination>
          <source>
            <refId>5c507385-4d3b-41b9-af8f-9e37404566bb</refId>
          </source>
          <positions/>
        </transition>
      </transitions>
      <properties/>
      <returnStepType>RESOLVED</returnStepType>
      <assignments/>
    </returnStep>
    <step id="4049cb65-9f79-42a8-b2e9-0727a06b330b">
      <annotation>3536e555-e524-462c-a510-0bc9e7154ddd.4049cb65-9f79-42a8-b2e9-0727a06b330b.description</annotation>
      <name>Enter Second Number</name>
      <bounds>
        <x>241.0</x>
        <y>48.0</y>
      </bounds>
      <layer>-1</layer>
      <hideInbound>false</hideInbound>
      <addResultToRunContext>false</addResultToRunContext>
      <isCriticalStep>false</isCriticalStep>
      <isNonBlocking>false</isNonBlocking>
      <isParallelStep>false</isParallelStep>
      <isSingleResponse>false</isSingleResponse>
      <recordInHistory>false</recordInHistory>
      <recordRawOutput>true</recordRawOutput>
      <recordPrimaryOutput>true</recordPrimaryOutput>
      <checkPointStep>true</checkPointStep>
      <historyCheckPointStep>true</historyCheckPointStep>
      <scriptResultStep>false</scriptResultStep>
      <userPrompt></userPrompt>
      <bindings>
        <userInputBinding id="ff22c1b6-9418-40d8-9204-e3baf4598be8">
          <annotation></annotation>
          <assignFromContext>false</assignFromContext>
          <assignToContext>true</assignToContext>
          <inputType>STRING</inputType>
          <isList>false</isList>
          <required>false</required>
          <isPersisted>true</isPersisted>
          <inputSymbol>field2</inputSymbol>
          <listDelimiter>,</listDelimiter>
          <record>false</record>
          <prompt>3536e555-e524-462c-a510-0bc9e7154ddd.ff22c1b6-9418-40d8-9204-e3baf4598be8.prompt</prompt>
          <isMultiSelect>false</isMultiSelect>
          <sourceDelimiter>|</sourceDelimiter>
        </userInputBinding>
      </bindings>
      <transitions>
        <transition id="7eb316a7-087c-460e-ba51-b4fbfbf5e9af">
          <annotation></annotation>
          <name>success</name>
          <command>NEXT</command>
          <linkMode>false</linkMode>
          <responseSymbol>success</responseSymbol>
          <shouldHandoff>false</shouldHandoff>
          <transitionValue>0.0</transitionValue>
          <destination>
            <refId>fe704ed6-85ac-4b6b-bb70-9dca9c9c149c</refId>
          </destination>
          <source>
            <refId>4049cb65-9f79-42a8-b2e9-0727a06b330b</refId>
          </source>
          <positions>
            <point>
              <x>291.0</x>
              <y>82.0</y>
            </point>
            <point>
              <x>443.0</x>
              <y>54.0</y>
            </point>
          </positions>
          <labelPosition>
            <x>333.0</x>
            <y>0.0</y>
          </labelPosition>
        </transition>
      </transitions>
      <properties/>
      <opRef>
        <refId>ddd79f22-8b1e-4605-88d5-d912bb2da2b9</refId>
      </opRef>
      <assignments>
        <flowVariableAssignment id="5277465d-0167-4e44-ae6a-a94cff8b63fa">
          <annotation></annotation>
          <name>assignment</name>
          <action>ADD</action>
          <assignmentTargetType>FLOW_VARIABLE</assignmentTargetType>
          <contextKey>assignmentActionResult</contextKey>
          <expression id="5c9f53d2-4bcc-4b49-8e8b-685236373d15">
            <annotation></annotation>
            <name>Input: field2</name>
            <fieldName>field2</fieldName>
            <sourceType>INPUT</sourceType>
            <filters/>
          </expression>
        </flowVariableAssignment>
      </assignments>
      <throttleSize>0</throttleSize>
    </step>
    <step id="fe704ed6-85ac-4b6b-bb70-9dca9c9c149c">
      <annotation>3536e555-e524-462c-a510-0bc9e7154ddd.fe704ed6-85ac-4b6b-bb70-9dca9c9c149c.description</annotation>
      <name>Show Total</name>
      <bounds>
        <x>400.0</x>
        <y>48.0</y>
      </bounds>
      <layer>-1</layer>
      <hideInbound>false</hideInbound>
      <addResultToRunContext>false</addResultToRunContext>
      <isCriticalStep>false</isCriticalStep>
      <isNonBlocking>false</isNonBlocking>
      <isParallelStep>false</isParallelStep>
      <isSingleResponse>false</isSingleResponse>
      <recordInHistory>false</recordInHistory>
      <recordRawOutput>true</recordRawOutput>
      <recordPrimaryOutput>true</recordPrimaryOutput>
      <checkPointStep>true</checkPointStep>
      <historyCheckPointStep>true</historyCheckPointStep>
      <scriptResultStep>false</scriptResultStep>
      <userPrompt></userPrompt>
      <bindings>
        <staticBinding id="f4be01bf-4035-4c0f-94b8-80de40f4c17f">
          <annotation></annotation>
          <assignFromContext>false</assignFromContext>
          <assignToContext>true</assignToContext>
          <inputType>STRING</inputType>
          <isList>false</isList>
          <required>true</required>
          <isPersisted>true</isPersisted>
          <inputSymbol>message</inputSymbol>
          <listDelimiter>,</listDelimiter>
          <value>${field1}+${field2}=${assignmentActionResult}</value>
          <record>false</record>
        </staticBinding>
      </bindings>
      <transitions>
        <transition id="e4bb046a-a48a-4d02-871b-b306b866ef08">
          <annotation></annotation>
          <name>success</name>
          <command>NEXT</command>
          <linkMode>false</linkMode>
          <responseSymbol>success</responseSymbol>
          <shouldHandoff>false</shouldHandoff>
          <transitionValue>0.0</transitionValue>
          <destination>
            <refId>5c507385-4d3b-41b9-af8f-9e37404566bb</refId>
          </destination>
          <source>
            <refId>fe704ed6-85ac-4b6b-bb70-9dca9c9c149c</refId>
          </source>
          <positions>
            <point>
              <x>443.0</x>
              <y>54.0</y>
            </point>
            <point>
              <x>628.0</x>
              <y>85.0</y>
            </point>
          </positions>
          <labelPosition>
            <x>333.0</x>
            <y>0.0</y>
          </labelPosition>
        </transition>
      </transitions>
      <properties/>
      <opRef>
        <refId>434e6fa2-26bc-4e84-9e1f-0aa6946cf920</refId>
      </opRef>
      <assignments/>
      <throttleSize>0</throttleSize>
    </step>
  </steps>
  <startSteps>a127c475-4b6d-4e07-8643-b6b77b6a6691</startSteps>
</flow>