<?xml version="1.0" encoding="UTF-8"?>
<flow id="b0579f00-ef70-42f8-ab15-f109af9a38f4">
  <descriptionCdata><![CDATA[b0579f00-ef70-42f8-ab15-f109af9a38f4.3622b381-345a-4421-8ce4-49f3b3925739.prompt=${username}\n${password}
b0579f00-ef70-42f8-ab15-f109af9a38f4.60f657d0-faca-4c5d-8649-0388739e0774.description=<pre>\nThis operation does not do anything. It can be used to filter flow variables by defining them as inputs and filtering them in the Results tab.\n\nInputs\:\n    field1 \u2013 An optional input that can be used for filtering flow variables.\n    field2 \u2013 An optional input that can be used for filtering flow variables.\n    field3 \u2013 An optional input that can be used for filtering flow variables.\n    field4 \u2013 An optional input that can be used for filtering flow variables.\n\nResults\:\n    returnResult - This is the primary output. It contains the value of  "field1" as it was specified at input or when filtered. \n\nResponses\:\n    success - The operation completed as stated in the description.\n</pre>
]]></descriptionCdata>
  <annotation></annotation>
  <name>05 Use credentials</name>
  <categories/>
  <inputs/>
  <possibleResponses>
    <opResponse id="bd63fbb1-22a9-4188-b5ec-08e6b7066a54">
      <annotation></annotation>
      <name>success</name>
      <isDefault>true</isDefault>
      <onFailure>false</onFailure>
      <type>RESOLVED</type>
      <matchRules/>
    </opResponse>
  </possibleResponses>
  <availableResultExpressions/>
  <resultExpression id="3c99bfa9-c136-44c1-81bf-33f404053c02">
    <annotation></annotation>
    <name>FailureMessage</name>
    <fieldName>FailureMessage</fieldName>
    <sourceType>RAWRESULT</sourceType>
    <filters/>
  </resultExpression>
  <iconSpec id="1b32a703-9cbc-40ce-bf0c-524d9c483956">
    <baseIcon>flow.png</baseIcon>
    <basePath>System</basePath>
    <readOnly>false</readOnly>
    <layers/>
  </iconSpec>
  <callouts/>
  <checkPointFlow>true</checkPointFlow>
  <compatibleRuntimeContext>false</compatibleRuntimeContext>
  <historyCheckPointFlow>true</historyCheckPointFlow>
  <steps>
    <step id="60f657d0-faca-4c5d-8649-0388739e0774">
      <annotation>b0579f00-ef70-42f8-ab15-f109af9a38f4.60f657d0-faca-4c5d-8649-0388739e0774.description</annotation>
      <name>Username and Password</name>
      <bounds>
        <x>69.0</x>
        <y>32.0</y>
      </bounds>
      <layer>-1</layer>
      <hideInbound>false</hideInbound>
      <addResultToRunContext>false</addResultToRunContext>
      <isCriticalStep>false</isCriticalStep>
      <isNonBlocking>false</isNonBlocking>
      <isParallelStep>false</isParallelStep>
      <isSingleResponse>false</isSingleResponse>
      <recordInHistory>false</recordInHistory>
      <recordRawOutput>true</recordRawOutput>
      <recordPrimaryOutput>true</recordPrimaryOutput>
      <checkPointStep>true</checkPointStep>
      <historyCheckPointStep>true</historyCheckPointStep>
      <scriptResultStep>false</scriptResultStep>
      <userPrompt></userPrompt>
      <bindings>
        <identityBinding id="b4459b88-d958-452a-bc2d-425c137d0e9e">
          <annotation></annotation>
          <assignFromContext>false</assignFromContext>
          <assignToContext>true</assignToContext>
          <inputType>STRING</inputType>
          <isList>false</isList>
          <required>false</required>
          <isPersisted>true</isPersisted>
          <inputSymbol>username</inputSymbol>
          <listDelimiter>,</listDelimiter>
          <record>false</record>
          <link>
            <refId>74037e58-edb6-4139-99b3-200a88111151</refId>
            <refName>localUser</refName>
          </link>
          <identityAttribute>USERNAME</identityAttribute>
        </identityBinding>
        <identityBinding id="cda75b1a-d071-46cf-b3d1-ae5d84a065b1">
          <annotation></annotation>
          <assignFromContext>false</assignFromContext>
          <assignToContext>true</assignToContext>
          <inputType>ENCRYPTED</inputType>
          <isList>false</isList>
          <required>true</required>
          <isPersisted>true</isPersisted>
          <inputSymbol>password</inputSymbol>
          <listDelimiter>,</listDelimiter>
          <record>false</record>
          <link>
            <refId>74037e58-edb6-4139-99b3-200a88111151</refId>
            <refName>localUser</refName>
          </link>
          <identityAttribute>PASSWORD</identityAttribute>
        </identityBinding>
      </bindings>
      <transitions>
        <transition id="cde0a7e0-17aa-4541-82ad-3410abbd97c2">
          <annotation></annotation>
          <name>success</name>
          <command>NEXT</command>
          <linkMode>false</linkMode>
          <responseSymbol>success</responseSymbol>
          <shouldHandoff>false</shouldHandoff>
          <transitionValue>0.0</transitionValue>
          <destination>
            <refId>3622b381-345a-4421-8ce4-49f3b3925739</refId>
          </destination>
          <source>
            <refId>60f657d0-faca-4c5d-8649-0388739e0774</refId>
          </source>
          <positions>
            <point>
              <x>119.0</x>
              <y>66.0</y>
            </point>
            <point>
              <x>275.0</x>
              <y>49.0</y>
            </point>
          </positions>
          <labelPosition>
            <x>333.0</x>
            <y>0.0</y>
          </labelPosition>
        </transition>
      </transitions>
      <properties/>
      <opRef>
        <refId>ddd79f22-8b1e-4605-88d5-d912bb2da2b9</refId>
      </opRef>
      <assignments/>
      <throttleSize>0</throttleSize>
    </step>
    <returnStep id="3622b381-345a-4421-8ce4-49f3b3925739">
      <annotation></annotation>
      <name>Resolved : success</name>
      <bounds>
        <x>225.0</x>
        <y>31.0</y>
      </bounds>
      <layer>-1</layer>
      <hideInbound>false</hideInbound>
      <addResultToRunContext>false</addResultToRunContext>
      <isCriticalStep>true</isCriticalStep>
      <isNonBlocking>false</isNonBlocking>
      <isParallelStep>false</isParallelStep>
      <isSingleResponse>false</isSingleResponse>
      <recordInHistory>false</recordInHistory>
      <recordRawOutput>true</recordRawOutput>
      <recordPrimaryOutput>true</recordPrimaryOutput>
      <checkPointStep>true</checkPointStep>
      <historyCheckPointStep>true</historyCheckPointStep>
      <scriptResultStep>false</scriptResultStep>
      <userPrompt>b0579f00-ef70-42f8-ab15-f109af9a38f4.3622b381-345a-4421-8ce4-49f3b3925739.prompt</userPrompt>
      <bindings/>
      <transitions>
        <transition id="a6eb8ac2-dec6-4804-abe2-4a7ba3640a3f">
          <annotation></annotation>
          <name>return</name>
          <command>NEXT</command>
          <linkMode>false</linkMode>
          <responseSymbol>success</responseSymbol>
          <shouldHandoff>false</shouldHandoff>
          <transitionValue>0.0</transitionValue>
          <destination>
            <refId>3622b381-345a-4421-8ce4-49f3b3925739</refId>
          </destination>
          <source>
            <refId>3622b381-345a-4421-8ce4-49f3b3925739</refId>
          </source>
          <positions/>
        </transition>
      </transitions>
      <properties>
        <entry>
          <key>Prompt Title</key>
          <modelValue id="3e3cb033-2f5d-48f0-9c97-db5475175660">
            <doubleValue>0.0</doubleValue>
            <stringValue>Message</stringValue>
            <encrypted>false</encrypted>
            <type>9</type>
          </modelValue>
        </entry>
      </properties>
      <returnStepType>RESOLVED</returnStepType>
      <assignments/>
    </returnStep>
  </steps>
  <startSteps>60f657d0-faca-4c5d-8649-0388739e0774</startSteps>
</flow>