<?xml version="1.0" encoding="UTF-8"?>
<flow id="9e49d07e-e53f-47e8-a150-982a7f41ed05">
  <descriptionCdata><![CDATA[9e49d07e-e53f-47e8-a150-982a7f41ed05.2860d37c-b8c7-451f-9957-6fb796fbf053.description=<pre>\n\nDisplays a message to the user.\n\nInputs\:\n  message - The message text to display\n  title - The title on the message window. Defaults to "Status message".\n\nResponses\:\n  Always returns success.\n\nExamples\:\n  In order to display the message "Finished" to the user, go to the \n  detail screen for the input named "message" and change the Otherwise option\n  from Prompt User to Use Constant.  Then enter the text "Finished" into the\n  Constant Value field.\n\n  References to flow variables in the Contant Value field are expanded so that\n  the text may be dynamic.  Flow variable references are of the form\n  ${variable}.  For example, the text\:\n     ${count} systems were modified \n  could be used to display a message about the number of systems that were\n  repaired, whose value is in the flow variable "count".\n\n  When the message is displayed, it will properly render any embedded html\n  tags, which permits creating messages with more advanced formatting.  For \n  example to display a message in italics you could use\:\n    <i>This is important</i>\n  or to display a message in red\:\n    <i>This is <span style\="color\: red">really </span> important</i>\n\n  You can create messages that contain multiple lines by entering a multiple\n  line message in the Constant Value field, or by using HTML <BR> tags for line\n  breaks.  Note that \\n characters are displayed literally and are not used for\n  creating multiple lines.\n\n</pre>\n
9e49d07e-e53f-47e8-a150-982a7f41ed05.69ca508f-ea91-47c7-a5f4-f02d72663156.prompt=Valid XML Document
9e49d07e-e53f-47e8-a150-982a7f41ed05.b755fad6-a4d3-43a4-90ae-a8e0200c1f2d.description=<pre>Generates a readable report from a set of lists. The lists MUST have a 1-to-1 correspondence (The same number of elements in all lists). Add an input for each list you wish to process.\n\nInputs\:\nformat - The format to generate the report in. Valid option is plain, if not specified plain is used. This input is a placeholder so that additional formats can be added in the future.\ndelimiter - The delimiter used to separate elements in the lists.\n\nResponses\:\nsuccess - The operation completed Successfully.\nfailure - Something went wrong.\n\nReturns\:\nThe generated report.</pre>
9e49d07e-e53f-47e8-a150-982a7f41ed05.d33f3067-feb9-40d9-a5c8-c5174810fae0.description=<pre>\nThis operation takes a reference to XML code (in the form of a string) and runs a specified XPath query on it. It returns the results in a delimited list. \nThe World Wide Web Consortium (W3C) organization provides the XPath specification (http\://www.w3.org).\n\nInputs\:\n    xml - The XML in the form of a string.\n    xpathQuery - The XPath query to run. See the examples in the Notes section below.\n    delimiter- The delimiter used to separate values in the returnResult list. \nDefault value\: ','.\n    parsingFeatures - The list of XML parsing features separated by new line (CRLF). The feature name - value must be separated by empty space. Setting specific features this field could be used to avoid XML security issues like "XML Entity Expansion injection" and "XML External Entity injection". To avoid aforementioned security issues we strongly recommend to set this input to the following values\: \nhttp\://apache.org/xml/features/disallow-doctype-decl true \nhttp\://xml.org/sax/features/external-general-entities false \nhttp\://xml.org/sax/features/external-parameter-entities false \nWhen the "http\://apache.org/xml/features/disallow-doctype-decl" feature is set to "true" the parser will throw a FATAL ERROR if the incoming document contains a DOCTYPE declaration.  \nWhen the "http\://xml.org/sax/features/external-general-entities" feature is set to "false" the parser will not include external general entities. \nWhen the "http\://xml.org/sax/features/external-parameter-entities" feature is set to "false" the parser will not include external parameter entities or the external DTD subset. \nIf any of the validations fails, the operation will fail with an error message describing the problem.\nDefault value\:\nhttp\://apache.org/xml/features/disallow-doctype-decl true\nhttp\://xml.org/sax/features/external-general-entities false\nhttp\://xml.org/sax/features/external-parameter-entities false\n\nResults\:\n    returnResult - This is the primary output. It contains the results in a form of a delimited list. If multiple XPaths are defined, the delimiter is added between each value. There is no final delimiter.\n\nResponses\:\n    success - The operation completed as stated in the description.\n    failure - The operation completed unsuccessfully.\n\nNotes\:\n1. The XPath query can be specified as a single query. For example\:\n/employees/employee[@id\="3"]/*[name()\="name" or name()\="jobDescription" or name()\="salary" or name()\="managerId"]/text()\n\nThis returns results in the format "<employee>, <jobDescription>, <salary>, <managerId>". For example\:\nGoofy,tester,$50,1\n\n2. If more than one XPath query needs to be specified, populate xpathQuery using the XPath concat function. For example\:\nconcat(/employees/employee[@id\="2"]/name/text(),',',/employees/employee[@id\="2"]/jobDescription/text(),',',/employees/employee[@id\="2"]/managerId/text(),',',/employees/employee[@id\="2"]/salary/text())\n\nThis returns results in the format "<employee>, <jobDescription>, <managerId>, <salary>". For example\:\nDonald Duck,Lead Coder,1,$50\n\nThe examples above use the following XML string value\:\n<?xml version\="1.0" encoding\="UTF-8"?>\n<employees>\n  <employee id\="1">\n    <name>Mickey Mouse</name>\n    <jobDescription>Chief</jobDescription>\n    <salary>$100</salary>\n    <managerId/>\n  </employee>\n  <employee id\="2">\n    <name>Donald Duck</name>\n    <jobDescription>Lead Coder</jobDescription>\n    <salary>$50</salary>\n    <managerId>1</managerId>\n  </employee>\n  <employee id\="3">\n    <name>Goofy</name>\n    <jobDescription>tester</jobDescription>\n    <salary>$50</salary>\n    <managerId>1</managerId>\n  </employee>\n  <employee id\="4">\n    <name>Pluto</name>\n    <jobDescription>Coder - grade 1</jobDescription>\n    <salary>$25</salary>\n    <managerId>2</managerId>\n  </employee>\n</employees>\n\n</pre>
9e49d07e-e53f-47e8-a150-982a7f41ed05.e80c77da-56fe-4c8b-a88b-22246c37fb0c.description=<pre>\nService to validate an XML document. Input must be given for either "xmlDocument" or for "xmlLocation". The "'xsdLocation" input is optional, but if specified then the XML document will be validated against the XSD schema.\n\nInputs\: \n    xmlDocument - The contents of a XML document as a string.\n    xmlLocation  - A fully qualified URL to a HTTP-accessible XML document (i.e WSDL) or the complete path to a local XML document.\n    xsdLocation   - A fully qualified URL to a HTTP-accessible XSD schema document or the complete path to a local XSD schema document to validate the XML against.  The XSD schema document must be a World Wide Web Consortium (W3C) XML Schema, sometimes referred to as WXS.\n    parsingFeatures - The list of XML parsing features separated by new line (CRLF). The feature name - value must be separated by empty space. Setting specific features this field could be used to avoid XML security issues like "XML Entity Expansion injection" and "XML External Entity injection". To avoid aforementioned security issues we strongly recommend to set this input to the following values\: \nhttp\://apache.org/xml/features/disallow-doctype-decl true\nhttp\://xml.org/sax/features/external-general-entities false\nhttp\://xml.org/sax/features/external-parameter-entities false\nWhen the "http\://apache.org/xml/features/disallow-doctype-decl" feature is set to "true" the parser will throw a FATAL ERROR if the incoming document contains a DOCTYPE declaration.  \nWhen the "http\://xml.org/sax/features/external-general-entities" feature is set to "false" the parser will not include external general entities. \nWhen the "http\://xml.org/sax/features/external-parameter-entities" feature is set to "false" the parser will not include external parameter entities or the external DTD subset. \nIf any of the validations fails, the operation will fail with an error message describing the problem. \nDefault value\:\nhttp\://apache.org/xml/features/disallow-doctype-decl true\nhttp\://xml.org/sax/features/external-general-entities false\nhttp\://xml.org/sax/features/external-parameter-entities false\n    username - The name of the user used to connect to the <xmlLocation> in case it is a fully qualified URL and authentication is needed. If no username is specified, then anonymous authentication will be attempted.\n    password - The password for the user specified by <username>.\n    trustAllRoots - Specifies whether to enable weak security over SSL/TSL. A certificate is trusted even if no trusted certification authority issued it.\nDefault value\: false\nValid values\: true, false\n    keystore - The pathname of the Java KeyStore file. You only need this if the server requires client authentication. If the protocol (specified by the 'url') is not 'https' or if trustAllRoots is 'true' this input is ignored.\nDefault value\: <OO_Home>/java/lib/security/cacerts\nFormat\: Java KeyStore (JKS)\n    keystorePassword - The password associated with the KeyStore file. If trustAllRoots is false and keystore is empty, keystorePassword default will be supplied.\nDefault value\: changeit\n    trustKeystore - The pathname of the Java TrustStore file. This contains certificates from other parties that you expect to communicate with, or from Certificate Authorities that you trust to identify other parties.  If the protocol (specified by the 'url') is not 'https' or if trustAllRoots is 'true' this input is ignored.\nDefault value\: <OO_Home>/java/lib/security/cacerts\nFormat\: Java KeyStore (JKS)\n    trustPassword - The password associated with the TrustStore file. If trustAllRoots is false and trustKeystore is empty, trustPassword default will be supplied.\nDefault value\: changeit\n    x509HostnameVerifier - Specifies the way the server hostname must match a domain name in the subject's Common Name (CN) or subjectAltName field of the X.509 certificate. The hostname verification system prevents communication with other hosts other than the ones you intended. This is done by checking that the hostname is in the subject alternative name extension of the certificate. This system is designed to ensure that, if an attacker(Man In The Middle) redirects traffic to his machine, the client will not accept the connection. If you set this input to "allow_all", this verification is ignored and you become vulnerable to security attacks. For the value "browser_compatible" the hostname verifier works the same way as Curl and Firefox. The hostname must match either the first CN, or any of the subject-alts. A wildcard can occur in the CN, and in any of the subject-alts. The only difference between "browser_compatible" and "strict" is that a wildcard (such as "*.foo.com") with "browser_compatible" matches all subdomains, including "a.b.foo.com". From the security perspective, to provide protection against possible Man-In-The-Middle attacks, we strongly recommend to use "strict" option.\nDefault value\: strict\nValid values\: strict, browser_compatible, allow_all\n    proxyHost - The proxy server used to access the web site.\n    proxyPort - The proxy server port. Default value\: 8080. Valid values\: -1, and positive integer values. When the value is '-1' the default port of the scheme, specified in the 'proxyHost', will be used.\n    proxyUsername - The user name used when connecting to the proxy. The 'authType' input will be used to choose authentication type. The 'Basic' and 'Digest' proxy auth type are supported.\n    proxyPassword - The proxy server password associated with the proxyUsername input value.\n    \nResponses\:\n    valid xml document - A valid XML document was found.\n    invalid xml document - Invalid XML document was found.\n    xml document not found - XML document was not found at the given location.\n    failure - General failure while trying to retrieve an XML document or XSD document if specified.\n\n</pre>
9e49d07e-e53f-47e8-a150-982a7f41ed05.ec25711f-321e-4872-a0b8-a400b5f27fe2.prompt=Enter a value for XPATH Query\:
9e49d07e-e53f-47e8-a150-982a7f41ed05.efa3d302-ddf2-4cb6-8915-642aa5ebbad8.description=<pre>\nThis operation does not do anything. It can be used to filter flow variables by defining them as inputs and filtering them in the Results tab.\n\nInputs\:\n    field1 \u2013 An optional input that can be used for filtering flow variables.\n    field2 \u2013 An optional input that can be used for filtering flow variables.\n    field3 \u2013 An optional input that can be used for filtering flow variables.\n    field4 \u2013 An optional input that can be used for filtering flow variables.\n\nResults\:\n    returnResult - This is the primary output. It contains the value of  "field1" as it was specified at input or when filtered. \n\nResponses\:\n    success - The operation completed as stated in the description.\n</pre>
]]></descriptionCdata>
  <annotation></annotation>
  <name>XPath Evaluator</name>
  <categories/>
  <inputs/>
  <possibleResponses>
    <opResponse id="10b4498a-1ee7-44de-a23b-004a902d19cc">
      <annotation></annotation>
      <name>unknown</name>
      <isDefault>false</isDefault>
      <onFailure>false</onFailure>
      <type>NO_ACTION_TAKEN</type>
      <matchRules/>
    </opResponse>
    <opResponse id="1096b2d1-67bb-4ea1-bf1a-6a1472343c0c">
      <annotation></annotation>
      <name>failure</name>
      <isDefault>false</isDefault>
      <onFailure>true</onFailure>
      <type>ERROR</type>
      <matchRules/>
    </opResponse>
    <opResponse id="94d42fa7-c70a-4209-a7c9-bf8e0277a149">
      <annotation></annotation>
      <name>success</name>
      <isDefault>true</isDefault>
      <onFailure>false</onFailure>
      <type>RESOLVED</type>
      <matchRules/>
    </opResponse>
  </possibleResponses>
  <availableResultExpressions/>
  <resultExpression id="4d6dd0c4-125c-48b5-92bd-e8d187747739">
    <annotation></annotation>
    <name>FailureMessage</name>
    <fieldName>FailureMessage</fieldName>
    <sourceType>RAWRESULT</sourceType>
    <filters/>
  </resultExpression>
  <iconSpec id="264620a0-4abe-4988-8fc2-5cd6c8764be7">
    <baseIcon>flow.png</baseIcon>
    <basePath>System</basePath>
    <readOnly>false</readOnly>
    <layers/>
  </iconSpec>
  <callouts/>
  <checkPointFlow>true</checkPointFlow>
  <compatibleRuntimeContext>false</compatibleRuntimeContext>
  <historyCheckPointFlow>true</historyCheckPointFlow>
  <steps>
    <step id="efa3d302-ddf2-4cb6-8915-642aa5ebbad8">
      <annotation>9e49d07e-e53f-47e8-a150-982a7f41ed05.efa3d302-ddf2-4cb6-8915-642aa5ebbad8.description</annotation>
      <name>XML Document</name>
      <bounds>
        <x>40.0</x>
        <y>84.0</y>
      </bounds>
      <layer>-1</layer>
      <hideInbound>false</hideInbound>
      <addResultToRunContext>false</addResultToRunContext>
      <isCriticalStep>false</isCriticalStep>
      <isNonBlocking>false</isNonBlocking>
      <isParallelStep>false</isParallelStep>
      <isSingleResponse>false</isSingleResponse>
      <recordInHistory>false</recordInHistory>
      <recordRawOutput>true</recordRawOutput>
      <recordPrimaryOutput>true</recordPrimaryOutput>
      <checkPointStep>true</checkPointStep>
      <historyCheckPointStep>true</historyCheckPointStep>
      <scriptResultStep>false</scriptResultStep>
      <userPrompt></userPrompt>
      <bindings>
        <staticBinding id="5e243c54-3e26-4108-9dc0-9a1cef7569c2">
          <annotation></annotation>
          <assignFromContext>false</assignFromContext>
          <assignToContext>true</assignToContext>
          <inputType>STRING</inputType>
          <isList>false</isList>
          <required>false</required>
          <isPersisted>true</isPersisted>
          <inputSymbol>xmlDocument</inputSymbol>
          <listDelimiter>,</listDelimiter>
          <value>&lt;?xml version=&quot;1.0&quot; encoding=&quot;ISO-8859-1&quot;?&gt;
&lt;CATALOG&gt;
	&lt;PLANT version=&quot;3.5&quot;&gt;
		&lt;COMMON&gt;Bloodroot&lt;/COMMON&gt;
		&lt;BOTANICAL&gt;Sanguinaria canadensis&lt;/BOTANICAL&gt;
		&lt;ZONE&gt;4&lt;/ZONE&gt;
		&lt;LIGHT&gt;Mostly Shady&lt;/LIGHT&gt;
		&lt;PRICE&gt;$2.44&lt;/PRICE&gt;
		&lt;AVAILABILITY&gt;031599&lt;/AVAILABILITY&gt;
	&lt;/PLANT&gt;
	&lt;PLANT&gt;
		&lt;COMMON&gt;Columbine&lt;/COMMON&gt;
		&lt;BOTANICAL&gt;Aquilegia canadensis&lt;/BOTANICAL&gt;
		&lt;ZONE&gt;3&lt;/ZONE&gt;
		&lt;LIGHT&gt;Mostly Shady&lt;/LIGHT&gt;
		&lt;PRICE&gt;$9.37&lt;/PRICE&gt;
		&lt;AVAILABILITY&gt;030699&lt;/AVAILABILITY&gt;
	&lt;/PLANT&gt;
	&lt;PLANT&gt;
		&lt;COMMON&gt;Marsh Marigold&lt;/COMMON&gt;
		&lt;BOTANICAL&gt;Caltha palustris&lt;/BOTANICAL&gt;
		&lt;ZONE&gt;4&lt;/ZONE&gt;
		&lt;LIGHT&gt;Mostly Sunny&lt;/LIGHT&gt;
		&lt;PRICE&gt;$6.81&lt;/PRICE&gt;
		&lt;AVAILABILITY&gt;051799&lt;/AVAILABILITY&gt;
	&lt;/PLANT&gt;
	&lt;PLANT&gt;
		&lt;COMMON&gt;Cowslip&lt;/COMMON&gt;
		&lt;BOTANICAL&gt;Caltha palustris&lt;/BOTANICAL&gt;
		&lt;ZONE&gt;4&lt;/ZONE&gt;  
		&lt;LIGHT&gt;Mostly Shady&lt;/LIGHT&gt;
		&lt;PRICE&gt;$9.90&lt;/PRICE&gt;
		&lt;AVAILABILITY&gt;030699&lt;/AVAILABILITY&gt;
	&lt;/PLANT&gt;
&lt;/CATALOG&gt; 
</value>
          <record>false</record>
        </staticBinding>
      </bindings>
      <transitions>
        <transition id="90628735-ff48-481a-92af-e6e10c228fcd">
          <annotation></annotation>
          <name>success</name>
          <command>NEXT</command>
          <linkMode>false</linkMode>
          <responseSymbol>success</responseSymbol>
          <shouldHandoff>false</shouldHandoff>
          <transitionValue>0.0</transitionValue>
          <destination>
            <refId>e80c77da-56fe-4c8b-a88b-22246c37fb0c</refId>
          </destination>
          <source>
            <refId>efa3d302-ddf2-4cb6-8915-642aa5ebbad8</refId>
          </source>
          <positions>
            <point>
              <x>52.0</x>
              <y>89.0</y>
            </point>
            <point>
              <x>230.0</x>
              <y>124.0</y>
            </point>
          </positions>
          <labelPosition>
            <x>333.0</x>
            <y>0.0</y>
          </labelPosition>
        </transition>
      </transitions>
      <properties/>
      <opRef>
        <refId>ddd79f22-8b1e-4605-88d5-d912bb2da2b9</refId>
      </opRef>
      <assignments/>
      <throttleSize>0</throttleSize>
    </step>
    <step id="e80c77da-56fe-4c8b-a88b-22246c37fb0c">
      <annotation>9e49d07e-e53f-47e8-a150-982a7f41ed05.e80c77da-56fe-4c8b-a88b-22246c37fb0c.description</annotation>
      <name>Validate XML Document</name>
      <bounds>
        <x>180.0</x>
        <y>86.0</y>
      </bounds>
      <layer>-1</layer>
      <hideInbound>false</hideInbound>
      <addResultToRunContext>false</addResultToRunContext>
      <isCriticalStep>false</isCriticalStep>
      <isNonBlocking>false</isNonBlocking>
      <isParallelStep>false</isParallelStep>
      <isSingleResponse>false</isSingleResponse>
      <recordInHistory>false</recordInHistory>
      <recordRawOutput>true</recordRawOutput>
      <recordPrimaryOutput>true</recordPrimaryOutput>
      <checkPointStep>true</checkPointStep>
      <historyCheckPointStep>true</historyCheckPointStep>
      <scriptResultStep>false</scriptResultStep>
      <userPrompt></userPrompt>
      <bindings>
        <userInputBinding id="4f1cebc8-3d24-498b-9503-c667aa880916">
          <annotation></annotation>
          <assignFromContext>true</assignFromContext>
          <assignToContext>true</assignToContext>
          <inputType>ENCRYPTED</inputType>
          <isList>false</isList>
          <required>false</required>
          <isPersisted>true</isPersisted>
          <inputSymbol>xmlDocument</inputSymbol>
          <listDelimiter>,</listDelimiter>
          <record>false</record>
          <prompt></prompt>
          <isMultiSelect>false</isMultiSelect>
          <sourceDelimiter>|</sourceDelimiter>
        </userInputBinding>
        <staticBinding id="0517a63a-d577-4121-8781-68e46ab54be8">
          <annotation></annotation>
          <assignFromContext>false</assignFromContext>
          <assignToContext>false</assignToContext>
          <inputType>STRING</inputType>
          <isList>false</isList>
          <required>false</required>
          <isPersisted>true</isPersisted>
          <inputSymbol>parsingFeatures</inputSymbol>
          <listDelimiter>,</listDelimiter>
          <value>http://apache.org/xml/features/disallow-doctype-decl true
http://xml.org/sax/features/external-general-entities false
http://xml.org/sax/features/external-parameter-entities false</value>
          <record>false</record>
        </staticBinding>
        <staticBinding id="f85c1ef0-a8de-4b98-bad5-ebb7dfc290a9">
          <annotation></annotation>
          <assignFromContext>false</assignFromContext>
          <assignToContext>false</assignToContext>
          <inputType>STRING</inputType>
          <isList>false</isList>
          <required>false</required>
          <isPersisted>true</isPersisted>
          <inputSymbol>username</inputSymbol>
          <listDelimiter>,</listDelimiter>
          <record>false</record>
        </staticBinding>
        <staticBinding id="bad50d26-6c22-4519-bc45-ef88b11bda8b">
          <annotation></annotation>
          <assignFromContext>false</assignFromContext>
          <assignToContext>false</assignToContext>
          <inputType>ENCRYPTED</inputType>
          <isList>false</isList>
          <required>false</required>
          <isPersisted>true</isPersisted>
          <inputSymbol>password</inputSymbol>
          <listDelimiter>,</listDelimiter>
          <record>false</record>
        </staticBinding>
        <staticBinding id="bc7dba19-0e73-440b-a760-188ce5822985">
          <annotation></annotation>
          <assignFromContext>false</assignFromContext>
          <assignToContext>false</assignToContext>
          <inputType>STRING</inputType>
          <isList>false</isList>
          <required>false</required>
          <isPersisted>true</isPersisted>
          <inputSymbol>trustAllRoots</inputSymbol>
          <listDelimiter>,</listDelimiter>
          <record>false</record>
        </staticBinding>
        <staticBinding id="a0ed85c8-ed12-4948-aeae-c2756e24046b">
          <annotation></annotation>
          <assignFromContext>false</assignFromContext>
          <assignToContext>false</assignToContext>
          <inputType>STRING</inputType>
          <isList>false</isList>
          <required>false</required>
          <isPersisted>true</isPersisted>
          <inputSymbol>keystore</inputSymbol>
          <listDelimiter>,</listDelimiter>
          <record>false</record>
        </staticBinding>
        <staticBinding id="8d746e20-57fc-4d90-9206-a4365e26d403">
          <annotation></annotation>
          <assignFromContext>false</assignFromContext>
          <assignToContext>false</assignToContext>
          <inputType>ENCRYPTED</inputType>
          <isList>false</isList>
          <required>false</required>
          <isPersisted>true</isPersisted>
          <inputSymbol>keystorePassword</inputSymbol>
          <listDelimiter>,</listDelimiter>
          <record>false</record>
        </staticBinding>
        <staticBinding id="6c9af834-5edf-43b3-b207-4ef9231dd08c">
          <annotation></annotation>
          <assignFromContext>false</assignFromContext>
          <assignToContext>false</assignToContext>
          <inputType>STRING</inputType>
          <isList>false</isList>
          <required>false</required>
          <isPersisted>true</isPersisted>
          <inputSymbol>trustKeystore</inputSymbol>
          <listDelimiter>,</listDelimiter>
          <record>false</record>
        </staticBinding>
        <staticBinding id="4cf56f24-8463-4bc2-b65e-38fa138fa668">
          <annotation></annotation>
          <assignFromContext>false</assignFromContext>
          <assignToContext>false</assignToContext>
          <inputType>ENCRYPTED</inputType>
          <isList>false</isList>
          <required>false</required>
          <isPersisted>true</isPersisted>
          <inputSymbol>trustPassword</inputSymbol>
          <listDelimiter>,</listDelimiter>
          <record>false</record>
        </staticBinding>
        <staticBinding id="5d64c22b-ef67-4f77-af71-3196357fb885">
          <annotation></annotation>
          <assignFromContext>false</assignFromContext>
          <assignToContext>false</assignToContext>
          <inputType>STRING</inputType>
          <isList>false</isList>
          <required>false</required>
          <isPersisted>true</isPersisted>
          <inputSymbol>x509HostnameVerifier</inputSymbol>
          <listDelimiter>,</listDelimiter>
          <record>false</record>
        </staticBinding>
        <staticBinding id="25753ee6-46b8-4139-9637-50c03102a917">
          <annotation></annotation>
          <assignFromContext>false</assignFromContext>
          <assignToContext>false</assignToContext>
          <inputType>STRING</inputType>
          <isList>false</isList>
          <required>false</required>
          <isPersisted>true</isPersisted>
          <inputSymbol>proxyHost</inputSymbol>
          <listDelimiter>,</listDelimiter>
          <record>false</record>
        </staticBinding>
        <staticBinding id="2c561bd1-90a3-41bc-aab4-30bc829a2df3">
          <annotation></annotation>
          <assignFromContext>false</assignFromContext>
          <assignToContext>false</assignToContext>
          <inputType>STRING</inputType>
          <isList>false</isList>
          <required>false</required>
          <isPersisted>true</isPersisted>
          <inputSymbol>proxyPort</inputSymbol>
          <listDelimiter>,</listDelimiter>
          <record>false</record>
        </staticBinding>
        <staticBinding id="915ad8cd-602c-42b1-b724-96513cdc746f">
          <annotation></annotation>
          <assignFromContext>false</assignFromContext>
          <assignToContext>false</assignToContext>
          <inputType>STRING</inputType>
          <isList>false</isList>
          <required>false</required>
          <isPersisted>true</isPersisted>
          <inputSymbol>proxyUsername</inputSymbol>
          <listDelimiter>,</listDelimiter>
          <record>false</record>
        </staticBinding>
        <staticBinding id="6ea13097-5ed8-4877-a9fa-b4ffada59d7f">
          <annotation></annotation>
          <assignFromContext>false</assignFromContext>
          <assignToContext>false</assignToContext>
          <inputType>STRING</inputType>
          <isList>false</isList>
          <required>false</required>
          <isPersisted>true</isPersisted>
          <inputSymbol>proxyPassword</inputSymbol>
          <listDelimiter>,</listDelimiter>
          <value></value>
          <record>false</record>
        </staticBinding>
      </bindings>
      <transitions>
        <transition id="16bd80bd-89a3-4736-af44-a5623836a576">
          <annotation></annotation>
          <name>invalid xml document</name>
          <command>NEXT</command>
          <linkMode>false</linkMode>
          <responseSymbol>invalid xml document</responseSymbol>
          <shouldHandoff>false</shouldHandoff>
          <transitionValue>0.0</transitionValue>
          <destination>
            <refId>9a941cfe-967a-4705-a2c4-23a83c1878b1</refId>
          </destination>
          <source>
            <refId>e80c77da-56fe-4c8b-a88b-22246c37fb0c</refId>
          </source>
          <positions>
            <point>
              <x>144.75925925925927</x>
              <y>156.0</y>
            </point>
            <point>
              <x>89.0</x>
              <y>287.0</y>
            </point>
          </positions>
          <labelPosition>
            <x>333.0</x>
            <y>0.0</y>
          </labelPosition>
        </transition>
        <transition id="c3b79ab3-ca7a-4881-9a55-f0e8579b814c">
          <annotation></annotation>
          <name>failure</name>
          <command>NEXT</command>
          <linkMode>false</linkMode>
          <responseSymbol>failure</responseSymbol>
          <shouldHandoff>false</shouldHandoff>
          <transitionValue>0.0</transitionValue>
          <destination>
            <refId>a14cc5ae-76c1-49b2-a437-cb85e9f35a9d</refId>
          </destination>
          <source>
            <refId>e80c77da-56fe-4c8b-a88b-22246c37fb0c</refId>
          </source>
          <positions>
            <point>
              <x>245.0</x>
              <y>158.0</y>
            </point>
            <point>
              <x>519.0</x>
              <y>328.0</y>
            </point>
          </positions>
          <labelPosition>
            <x>333.0</x>
            <y>0.0</y>
          </labelPosition>
        </transition>
        <transition id="4b396a4e-d6a5-4961-bd83-82f8417eaa72">
          <annotation></annotation>
          <name>xml document not found</name>
          <command>NEXT</command>
          <linkMode>false</linkMode>
          <responseSymbol>xml document not found</responseSymbol>
          <shouldHandoff>false</shouldHandoff>
          <transitionValue>0.0</transitionValue>
          <destination>
            <refId>9a941cfe-967a-4705-a2c4-23a83c1878b1</refId>
          </destination>
          <source>
            <refId>e80c77da-56fe-4c8b-a88b-22246c37fb0c</refId>
          </source>
          <positions>
            <point>
              <x>245.0</x>
              <y>158.0</y>
            </point>
            <point>
              <x>245.0</x>
              <y>338.0</y>
            </point>
          </positions>
          <labelPosition>
            <x>333.0</x>
            <y>0.0</y>
          </labelPosition>
        </transition>
        <transition id="44c5bb22-e9d1-4d3d-a476-aa380a8485eb">
          <annotation></annotation>
          <name>valid xml document</name>
          <command>NEXT</command>
          <linkMode>false</linkMode>
          <responseSymbol>valid xml document</responseSymbol>
          <shouldHandoff>false</shouldHandoff>
          <transitionValue>0.0</transitionValue>
          <destination>
            <refId>d33f3067-feb9-40d9-a5c8-c5174810fae0</refId>
          </destination>
          <source>
            <refId>e80c77da-56fe-4c8b-a88b-22246c37fb0c</refId>
          </source>
          <positions>
            <point>
              <x>230.0</x>
              <y>124.0</y>
            </point>
            <point>
              <x>507.0</x>
              <y>118.0</y>
            </point>
          </positions>
          <labelPosition>
            <x>333.0</x>
            <y>0.0</y>
          </labelPosition>
        </transition>
      </transitions>
      <properties/>
      <opRef>
        <refId>72bbaf76-20eb-489c-a70c-fd638977186c</refId>
      </opRef>
      <assignments/>
      <throttleSize>0</throttleSize>
    </step>
    <returnStep id="9a941cfe-967a-4705-a2c4-23a83c1878b1">
      <annotation></annotation>
      <name>No Action Taken : unknown</name>
      <bounds>
        <x>39.0</x>
        <y>237.0</y>
      </bounds>
      <layer>-1</layer>
      <hideInbound>false</hideInbound>
      <addResultToRunContext>false</addResultToRunContext>
      <isCriticalStep>false</isCriticalStep>
      <isNonBlocking>false</isNonBlocking>
      <isParallelStep>false</isParallelStep>
      <isSingleResponse>false</isSingleResponse>
      <recordInHistory>false</recordInHistory>
      <recordRawOutput>true</recordRawOutput>
      <recordPrimaryOutput>true</recordPrimaryOutput>
      <checkPointStep>true</checkPointStep>
      <historyCheckPointStep>true</historyCheckPointStep>
      <scriptResultStep>false</scriptResultStep>
      <userPrompt></userPrompt>
      <bindings/>
      <transitions>
        <transition id="e9e57f5e-774c-40f0-ac4e-53d4d72e0da6">
          <annotation></annotation>
          <name>return</name>
          <command>NEXT</command>
          <linkMode>false</linkMode>
          <responseSymbol>unknown</responseSymbol>
          <shouldHandoff>false</shouldHandoff>
          <transitionValue>0.0</transitionValue>
          <destination>
            <refId>9a941cfe-967a-4705-a2c4-23a83c1878b1</refId>
          </destination>
          <source>
            <refId>9a941cfe-967a-4705-a2c4-23a83c1878b1</refId>
          </source>
          <positions/>
        </transition>
      </transitions>
      <properties/>
      <returnStepType>NO_ACTION_TAKEN</returnStepType>
      <assignments/>
    </returnStep>
    <returnStep id="a14cc5ae-76c1-49b2-a437-cb85e9f35a9d">
      <annotation></annotation>
      <name>Error : failure</name>
      <bounds>
        <x>179.0</x>
        <y>252.0</y>
      </bounds>
      <layer>-1</layer>
      <hideInbound>false</hideInbound>
      <addResultToRunContext>false</addResultToRunContext>
      <isCriticalStep>false</isCriticalStep>
      <isNonBlocking>false</isNonBlocking>
      <isParallelStep>false</isParallelStep>
      <isSingleResponse>false</isSingleResponse>
      <recordInHistory>false</recordInHistory>
      <recordRawOutput>true</recordRawOutput>
      <recordPrimaryOutput>true</recordPrimaryOutput>
      <checkPointStep>true</checkPointStep>
      <historyCheckPointStep>true</historyCheckPointStep>
      <scriptResultStep>false</scriptResultStep>
      <userPrompt></userPrompt>
      <bindings/>
      <transitions>
        <transition id="980094ec-5b5a-49db-b071-a24b071797c2">
          <annotation></annotation>
          <name>return</name>
          <command>NEXT</command>
          <linkMode>false</linkMode>
          <responseSymbol>failure</responseSymbol>
          <shouldHandoff>false</shouldHandoff>
          <transitionValue>0.0</transitionValue>
          <destination>
            <refId>a14cc5ae-76c1-49b2-a437-cb85e9f35a9d</refId>
          </destination>
          <source>
            <refId>a14cc5ae-76c1-49b2-a437-cb85e9f35a9d</refId>
          </source>
          <positions/>
        </transition>
      </transitions>
      <properties/>
      <returnStepType>ERROR</returnStepType>
      <assignments/>
    </returnStep>
    <returnStep id="69ca508f-ea91-47c7-a5f4-f02d72663156">
      <annotation></annotation>
      <name>Resolved : success</name>
      <bounds>
        <x>184.0</x>
        <y>422.0</y>
      </bounds>
      <layer>-1</layer>
      <hideInbound>false</hideInbound>
      <addResultToRunContext>false</addResultToRunContext>
      <isCriticalStep>true</isCriticalStep>
      <isNonBlocking>false</isNonBlocking>
      <isParallelStep>false</isParallelStep>
      <isSingleResponse>false</isSingleResponse>
      <recordInHistory>false</recordInHistory>
      <recordRawOutput>true</recordRawOutput>
      <recordPrimaryOutput>true</recordPrimaryOutput>
      <checkPointStep>true</checkPointStep>
      <historyCheckPointStep>true</historyCheckPointStep>
      <scriptResultStep>false</scriptResultStep>
      <userPrompt>9e49d07e-e53f-47e8-a150-982a7f41ed05.69ca508f-ea91-47c7-a5f4-f02d72663156.prompt</userPrompt>
      <bindings/>
      <transitions>
        <transition id="6a30ecb0-132f-4313-bdbf-f7523b58179d">
          <annotation></annotation>
          <name>return</name>
          <command>NEXT</command>
          <linkMode>false</linkMode>
          <responseSymbol>success</responseSymbol>
          <shouldHandoff>false</shouldHandoff>
          <transitionValue>0.0</transitionValue>
          <destination>
            <refId>69ca508f-ea91-47c7-a5f4-f02d72663156</refId>
          </destination>
          <source>
            <refId>69ca508f-ea91-47c7-a5f4-f02d72663156</refId>
          </source>
          <positions/>
        </transition>
      </transitions>
      <properties>
        <entry>
          <key>Prompt Title</key>
          <modelValue id="a338fe05-7543-4a65-ae58-5aac731bb2c5">
            <doubleValue>0.0</doubleValue>
            <stringValue>Message</stringValue>
            <encrypted>false</encrypted>
            <type>9</type>
          </modelValue>
        </entry>
      </properties>
      <returnStepType>RESOLVED</returnStepType>
      <assignments/>
    </returnStep>
    <step id="d33f3067-feb9-40d9-a5c8-c5174810fae0">
      <annotation>9e49d07e-e53f-47e8-a150-982a7f41ed05.d33f3067-feb9-40d9-a5c8-c5174810fae0.description</annotation>
      <name>XPath Query</name>
      <bounds>
        <x>369.0</x>
        <y>87.0</y>
      </bounds>
      <layer>-1</layer>
      <hideInbound>false</hideInbound>
      <addResultToRunContext>false</addResultToRunContext>
      <isCriticalStep>false</isCriticalStep>
      <isNonBlocking>false</isNonBlocking>
      <isParallelStep>false</isParallelStep>
      <isSingleResponse>false</isSingleResponse>
      <recordInHistory>false</recordInHistory>
      <recordRawOutput>true</recordRawOutput>
      <recordPrimaryOutput>true</recordPrimaryOutput>
      <checkPointStep>true</checkPointStep>
      <historyCheckPointStep>true</historyCheckPointStep>
      <scriptResultStep>false</scriptResultStep>
      <userPrompt></userPrompt>
      <bindings>
        <userInputBinding id="ec25711f-321e-4872-a0b8-a400b5f27fe2">
          <annotation></annotation>
          <fromContextKey>xmlDocument</fromContextKey>
          <assignFromContext>true</assignFromContext>
          <assignToContext>false</assignToContext>
          <inputType>STRING</inputType>
          <isList>false</isList>
          <required>true</required>
          <isPersisted>true</isPersisted>
          <inputSymbol>xml</inputSymbol>
          <listDelimiter>,</listDelimiter>
          <record>false</record>
          <prompt>9e49d07e-e53f-47e8-a150-982a7f41ed05.ec25711f-321e-4872-a0b8-a400b5f27fe2.prompt</prompt>
          <isMultiSelect>false</isMultiSelect>
          <sourceDelimiter>|</sourceDelimiter>
        </userInputBinding>
        <userInputBinding id="db657e96-0559-4737-805c-44a328793fd9">
          <annotation></annotation>
          <assignFromContext>false</assignFromContext>
          <assignToContext>false</assignToContext>
          <inputType>STRING</inputType>
          <isList>false</isList>
          <required>true</required>
          <isPersisted>true</isPersisted>
          <inputSymbol>xpathQuery</inputSymbol>
          <listDelimiter>,</listDelimiter>
          <record>false</record>
          <prompt></prompt>
          <isMultiSelect>false</isMultiSelect>
          <sourceDelimiter>|</sourceDelimiter>
        </userInputBinding>
        <staticBinding id="85cc81c1-dfc3-4a8d-bbe9-81f4605688e8">
          <annotation></annotation>
          <assignFromContext>false</assignFromContext>
          <assignToContext>false</assignToContext>
          <inputType>STRING</inputType>
          <isList>false</isList>
          <required>false</required>
          <isPersisted>true</isPersisted>
          <inputSymbol>delimiter</inputSymbol>
          <listDelimiter>,</listDelimiter>
          <value>|</value>
          <record>false</record>
        </staticBinding>
        <staticBinding id="6ecd9d73-8271-4f52-bfb2-cfb8ecf675eb">
          <annotation></annotation>
          <assignFromContext>false</assignFromContext>
          <assignToContext>false</assignToContext>
          <inputType>STRING</inputType>
          <isList>false</isList>
          <required>false</required>
          <isPersisted>true</isPersisted>
          <inputSymbol>parsingFeatures</inputSymbol>
          <listDelimiter>,</listDelimiter>
          <value>http://apache.org/xml/features/disallow-doctype-decl true
http://xml.org/sax/features/external-general-entities false
http://xml.org/sax/features/external-parameter-entities false</value>
          <record>false</record>
        </staticBinding>
      </bindings>
      <transitions>
        <transition id="9578b508-e4b8-44c0-9029-376522c9731f">
          <annotation></annotation>
          <name>failure</name>
          <command>NEXT</command>
          <linkMode>false</linkMode>
          <responseSymbol>failure</responseSymbol>
          <shouldHandoff>false</shouldHandoff>
          <transitionValue>0.0</transitionValue>
          <destination>
            <refId>a14cc5ae-76c1-49b2-a437-cb85e9f35a9d</refId>
          </destination>
          <source>
            <refId>d33f3067-feb9-40d9-a5c8-c5174810fae0</refId>
          </source>
          <positions>
            <point>
              <x>507.0</x>
              <y>118.0</y>
            </point>
            <point>
              <x>229.0</x>
              <y>286.0</y>
            </point>
          </positions>
          <labelPosition>
            <x>333.0</x>
            <y>0.0</y>
          </labelPosition>
        </transition>
        <transition id="03e88432-68ef-48e7-8221-f4b2f84bdaa2">
          <annotation></annotation>
          <name>success</name>
          <command>NEXT</command>
          <linkMode>false</linkMode>
          <responseSymbol>success</responseSymbol>
          <shouldHandoff>false</shouldHandoff>
          <transitionValue>0.0</transitionValue>
          <destination>
            <refId>b755fad6-a4d3-43a4-90ae-a8e0200c1f2d</refId>
          </destination>
          <source>
            <refId>d33f3067-feb9-40d9-a5c8-c5174810fae0</refId>
          </source>
          <positions>
            <point>
              <x>451.0</x>
              <y>123.0</y>
            </point>
            <point>
              <x>443.0</x>
              <y>284.0</y>
            </point>
          </positions>
          <labelPosition>
            <x>333.0</x>
            <y>0.0</y>
          </labelPosition>
        </transition>
      </transitions>
      <properties/>
      <opRef>
        <refId>96d3702b-0a2c-437d-b389-c93e6b0d99d6</refId>
      </opRef>
      <assignments>
        <flowVariableAssignment id="e892d7f9-efb7-43f2-a6ad-f27b51107685">
          <annotation></annotation>
          <name>assignment</name>
          <action>OVERWRITE</action>
          <assignmentTargetType>FLOW_VARIABLE</assignmentTargetType>
          <contextKey>filteredDoc</contextKey>
          <expression id="cb6309c1-7d88-40ae-a147-135e0794561d">
            <annotation></annotation>
            <name>Result Field: returnResult</name>
            <fieldName>returnResult</fieldName>
            <sourceType>RAWRESULT</sourceType>
            <filters/>
          </expression>
        </flowVariableAssignment>
      </assignments>
      <throttleSize>0</throttleSize>
    </step>
    <step id="2860d37c-b8c7-451f-9957-6fb796fbf053">
      <annotation>9e49d07e-e53f-47e8-a150-982a7f41ed05.2860d37c-b8c7-451f-9957-6fb796fbf053.description</annotation>
      <name>Display Message</name>
      <bounds>
        <x>370.0</x>
        <y>423.0</y>
      </bounds>
      <layer>-1</layer>
      <hideInbound>false</hideInbound>
      <addResultToRunContext>false</addResultToRunContext>
      <isCriticalStep>false</isCriticalStep>
      <isNonBlocking>false</isNonBlocking>
      <isParallelStep>false</isParallelStep>
      <isSingleResponse>false</isSingleResponse>
      <recordInHistory>false</recordInHistory>
      <recordRawOutput>true</recordRawOutput>
      <recordPrimaryOutput>true</recordPrimaryOutput>
      <checkPointStep>true</checkPointStep>
      <historyCheckPointStep>true</historyCheckPointStep>
      <scriptResultStep>false</scriptResultStep>
      <userPrompt></userPrompt>
      <bindings>
        <userInputBinding id="e0a8a84c-72f0-431e-909b-7c627aeae8f7">
          <annotation></annotation>
          <toContextKey>filteredDoc</toContextKey>
          <fromContextKey>filteredDoc</fromContextKey>
          <assignFromContext>true</assignFromContext>
          <assignToContext>true</assignToContext>
          <inputType>STRING</inputType>
          <isList>false</isList>
          <required>true</required>
          <isPersisted>true</isPersisted>
          <inputSymbol>message</inputSymbol>
          <listDelimiter>,</listDelimiter>
          <record>false</record>
          <prompt></prompt>
          <isMultiSelect>false</isMultiSelect>
          <sourceDelimiter>|</sourceDelimiter>
        </userInputBinding>
        <staticBinding id="fb33d520-137c-4b5d-91e1-e604f93af827">
          <annotation></annotation>
          <assignFromContext>false</assignFromContext>
          <assignToContext>false</assignToContext>
          <inputType>STRING</inputType>
          <isList>false</isList>
          <required>false</required>
          <isPersisted>true</isPersisted>
          <inputSymbol>title</inputSymbol>
          <listDelimiter>,</listDelimiter>
          <value>Status message</value>
          <record>false</record>
        </staticBinding>
      </bindings>
      <transitions>
        <transition id="e7563859-ab6c-4e58-b9d6-8da2c7f376a4">
          <annotation></annotation>
          <name>success</name>
          <command>NEXT</command>
          <linkMode>false</linkMode>
          <responseSymbol>success</responseSymbol>
          <shouldHandoff>false</shouldHandoff>
          <transitionValue>0.0</transitionValue>
          <destination>
            <refId>69ca508f-ea91-47c7-a5f4-f02d72663156</refId>
          </destination>
          <source>
            <refId>2860d37c-b8c7-451f-9957-6fb796fbf053</refId>
          </source>
          <positions>
            <point>
              <x>420.0</x>
              <y>457.0</y>
            </point>
            <point>
              <x>234.0</x>
              <y>456.0</y>
            </point>
          </positions>
          <labelPosition>
            <x>333.0</x>
            <y>0.0</y>
          </labelPosition>
        </transition>
      </transitions>
      <properties/>
      <opRef>
        <refId>434e6fa2-26bc-4e84-9e1f-0aa6946cf920</refId>
      </opRef>
      <assignments/>
      <throttleSize>0</throttleSize>
    </step>
    <step id="b755fad6-a4d3-43a4-90ae-a8e0200c1f2d">
      <annotation>9e49d07e-e53f-47e8-a150-982a7f41ed05.b755fad6-a4d3-43a4-90ae-a8e0200c1f2d.description</annotation>
      <name>Generate Report From Lists</name>
      <bounds>
        <x>370.0</x>
        <y>250.0</y>
      </bounds>
      <layer>-1</layer>
      <hideInbound>false</hideInbound>
      <addResultToRunContext>false</addResultToRunContext>
      <isCriticalStep>false</isCriticalStep>
      <isNonBlocking>false</isNonBlocking>
      <isParallelStep>false</isParallelStep>
      <isSingleResponse>false</isSingleResponse>
      <recordInHistory>false</recordInHistory>
      <recordRawOutput>true</recordRawOutput>
      <recordPrimaryOutput>true</recordPrimaryOutput>
      <checkPointStep>true</checkPointStep>
      <historyCheckPointStep>true</historyCheckPointStep>
      <scriptResultStep>false</scriptResultStep>
      <userPrompt></userPrompt>
      <bindings>
        <staticBinding id="0206c725-025c-4064-a44e-4371fc887eb6">
          <annotation></annotation>
          <assignFromContext>true</assignFromContext>
          <assignToContext>true</assignToContext>
          <inputType>STRING</inputType>
          <isList>false</isList>
          <required>false</required>
          <isPersisted>true</isPersisted>
          <inputSymbol>filteredDoc</inputSymbol>
          <listDelimiter>,</listDelimiter>
          <value></value>
          <record>false</record>
        </staticBinding>
        <staticBinding id="2b8e33de-7ebc-47fa-a9aa-08c8a0a0261c">
          <annotation></annotation>
          <assignFromContext>false</assignFromContext>
          <assignToContext>false</assignToContext>
          <inputType>STRING</inputType>
          <isList>false</isList>
          <required>false</required>
          <isPersisted>true</isPersisted>
          <inputSymbol>format</inputSymbol>
          <listDelimiter>,</listDelimiter>
          <value>plain</value>
          <record>false</record>
        </staticBinding>
        <staticBinding id="b683b3fe-ca87-4748-8785-6291c6cc38bc">
          <annotation></annotation>
          <assignFromContext>false</assignFromContext>
          <assignToContext>false</assignToContext>
          <inputType>STRING</inputType>
          <isList>false</isList>
          <required>true</required>
          <isPersisted>true</isPersisted>
          <inputSymbol>delimiter</inputSymbol>
          <listDelimiter>,</listDelimiter>
          <value>|</value>
          <record>false</record>
        </staticBinding>
      </bindings>
      <transitions>
        <transition id="f96d9c53-7433-4fb9-aca5-4aa5abb31d27">
          <annotation></annotation>
          <name>success</name>
          <command>NEXT</command>
          <linkMode>false</linkMode>
          <responseSymbol>success</responseSymbol>
          <shouldHandoff>false</shouldHandoff>
          <transitionValue>0.0</transitionValue>
          <destination>
            <refId>2860d37c-b8c7-451f-9957-6fb796fbf053</refId>
          </destination>
          <source>
            <refId>b755fad6-a4d3-43a4-90ae-a8e0200c1f2d</refId>
          </source>
          <positions>
            <point>
              <x>420.0</x>
              <y>284.0</y>
            </point>
            <point>
              <x>423.0</x>
              <y>457.0</y>
            </point>
          </positions>
          <labelPosition>
            <x>333.0</x>
            <y>0.0</y>
          </labelPosition>
        </transition>
        <transition id="dde70311-7bdb-4a54-bac7-2f227993c0b9">
          <annotation></annotation>
          <name>failure</name>
          <command>NEXT</command>
          <linkMode>false</linkMode>
          <responseSymbol>failure</responseSymbol>
          <shouldHandoff>false</shouldHandoff>
          <transitionValue>0.0</transitionValue>
          <destination>
            <refId>a14cc5ae-76c1-49b2-a437-cb85e9f35a9d</refId>
          </destination>
          <source>
            <refId>b755fad6-a4d3-43a4-90ae-a8e0200c1f2d</refId>
          </source>
          <positions>
            <point>
              <x>420.0</x>
              <y>284.0</y>
            </point>
            <point>
              <x>229.0</x>
              <y>286.0</y>
            </point>
          </positions>
          <labelPosition>
            <x>333.0</x>
            <y>0.0</y>
          </labelPosition>
        </transition>
      </transitions>
      <properties/>
      <opRef>
        <refId>22f17306-c2b3-4737-8d9e-0c5cff5eecc0</refId>
      </opRef>
      <assignments/>
      <throttleSize>0</throttleSize>
    </step>
  </steps>
  <startSteps>efa3d302-ddf2-4cb6-8915-642aa5ebbad8</startSteps>
</flow>